-- These are for associating ingredients with peanuts Ingredients 1-30
INSERT INTO foodforall.ingredient(name) VALUES ('arachic oil');
INSERT INTO foodforall.ingredient(name) VALUES ('arachis');
INSERT INTO foodforall.ingredient(name) VALUES ('arachis hypogaea');
INSERT INTO foodforall.ingredient(name) VALUES ('artificial nuts');
INSERT INTO foodforall.ingredient(name) VALUES ('beer nuts');
INSERT INTO foodforall.ingredient(name) VALUES ('boiled peanuts');
INSERT INTO foodforall.ingredient(name) VALUES ('peanut oil');
INSERT INTO foodforall.ingredient(name) VALUES ('crushed peanuts');
INSERT INTO foodforall.ingredient(name) VALUES ('crushed nuts');
INSERT INTO foodforall.ingredient(name) VALUES ('earth nuts');
INSERT INTO foodforall.ingredient(name) VALUES ('goober peas');
INSERT INTO foodforall.ingredient(name) VALUES ('ground peanuts');
INSERT INTO foodforall.ingredient(name) VALUES ('ground nuts');
INSERT INTO foodforall.ingredient(name) VALUES ('hydrolyzed peanut protein');
INSERT INTO foodforall.ingredient(name) VALUES ('mandelonas');
INSERT INTO foodforall.ingredient(name) VALUES ('mixed nuts');
INSERT INTO foodforall.ingredient(name) VALUES ('monkey nuts');
INSERT INTO foodforall.ingredient(name) VALUES ('nu nuts flavored nuts');
INSERT INTO foodforall.ingredient(name) VALUES ('nut pieces');
INSERT INTO foodforall.ingredient(name) VALUES ('nutmeat');
INSERT INTO foodforall.ingredient(name) VALUES ('peanuts');
INSERT INTO foodforall.ingredient(name) VALUES ('peanut flour');
INSERT INTO foodforall.ingredient(name) VALUES ('peanut paste');
INSERT INTO foodforall.ingredient(name) VALUES ('peanut sauce');
INSERT INTO foodforall.ingredient(name) VALUES ('spanish peanuts');
INSERT INTO foodforall.ingredient(name) VALUES ('virginia peanuts');
INSERT INTO foodforall.ingredient(name) VALUES ('peanut syrup');
INSERT INTO foodforall.ingredient(name) VALUES ('peanut butter');
INSERT INTO foodforall.ingredient(name) VALUES ('peanut butter chips');
INSERT INTO foodforall.ingredient(name) VALUES ('peanut butter morsel');


insert into FoodForAll.AllergyIngredient (ingredientId, allergyId) values (1, 1);
insert into FoodForAll.AllergyIngredient (ingredientId, allergyId) values (2, 1);
insert into FoodForAll.AllergyIngredient (ingredientId, allergyId) values (3, 1);
insert into FoodForAll.AllergyIngredient (ingredientId, allergyId) values (4, 1);
insert into FoodForAll.AllergyIngredient (ingredientId, allergyId) values (5, 1);
insert into FoodForAll.AllergyIngredient (ingredientId, allergyId) values (6, 1);
insert into FoodForAll.AllergyIngredient (ingredientId, allergyId) values (7, 1);
insert into FoodForAll.AllergyIngredient (ingredientId, allergyId) values (8, 1);
insert into FoodForAll.AllergyIngredient (ingredientId, allergyId) values (9, 1);
insert into FoodForAll.AllergyIngredient (ingredientId, allergyId) values (10, 1);
insert into FoodForAll.AllergyIngredient (ingredientId, allergyId) values (11, 1);
insert into FoodForAll.AllergyIngredient (ingredientId, allergyId) values (12, 1);
insert into FoodForAll.AllergyIngredient (ingredientId, allergyId) values (13, 1);
insert into FoodForAll.AllergyIngredient (ingredientId, allergyId) values (14, 1);
insert into FoodForAll.AllergyIngredient (ingredientId, allergyId) values (15, 1);
insert into FoodForAll.AllergyIngredient (ingredientId, allergyId) values (16, 1);
insert into FoodForAll.AllergyIngredient (ingredientId, allergyId) values (17, 1);
insert into FoodForAll.AllergyIngredient (ingredientId, allergyId) values (18, 1);
insert into FoodForAll.AllergyIngredient (ingredientId, allergyId) values (19, 1);
insert into FoodForAll.AllergyIngredient (ingredientId, allergyId) values (20, 1);
insert into FoodForAll.AllergyIngredient (ingredientId, allergyId) values (21, 1);
insert into FoodForAll.AllergyIngredient (ingredientId, allergyId) values (22, 1);
insert into FoodForAll.AllergyIngredient (ingredientId, allergyId) values (23, 1);
insert into FoodForAll.AllergyIngredient (ingredientId, allergyId) values (24, 1);
insert into FoodForAll.AllergyIngredient (ingredientId, allergyId) values (25, 1);
insert into FoodForAll.AllergyIngredient (ingredientId, allergyId) values (26, 1);
insert into FoodForAll.AllergyIngredient (ingredientId, allergyId) values (27, 1);
insert into FoodForAll.AllergyIngredient (ingredientId, allergyId) values (28, 1);
insert into FoodForAll.AllergyIngredient (ingredientId, allergyId) values (29, 1);
insert into FoodForAll.AllergyIngredient (ingredientId, allergyId) values (30, 1);

insert into FoodForAll.IntoleranceIngredient (ingredientId, intoleranceId) values (1, 3);
insert into FoodForAll.IntoleranceIngredient (ingredientId, intoleranceId) values (2, 3);
insert into FoodForAll.IntoleranceIngredient (ingredientId, intoleranceId) values (3, 3);
insert into FoodForAll.IntoleranceIngredient (ingredientId, intoleranceId) values (4, 3);
insert into FoodForAll.IntoleranceIngredient (ingredientId, intoleranceId) values (5, 3);
insert into FoodForAll.IntoleranceIngredient (ingredientId, intoleranceId) values (6, 3);
insert into FoodForAll.IntoleranceIngredient (ingredientId, intoleranceId) values (7, 3);
insert into FoodForAll.IntoleranceIngredient (ingredientId, intoleranceId) values (8, 3);
insert into FoodForAll.IntoleranceIngredient (ingredientId, intoleranceId) values (9, 3);
insert into FoodForAll.IntoleranceIngredient (ingredientId, intoleranceId) values (10, 3);
insert into FoodForAll.IntoleranceIngredient (ingredientId, intoleranceId) values (11, 3);
insert into FoodForAll.IntoleranceIngredient (ingredientId, intoleranceId) values (12, 3);
insert into FoodForAll.IntoleranceIngredient (ingredientId, intoleranceId) values (13, 3);
insert into FoodForAll.IntoleranceIngredient (ingredientId, intoleranceId) values (14, 3);
insert into FoodForAll.IntoleranceIngredient (ingredientId, intoleranceId) values (15, 3);
insert into FoodForAll.IntoleranceIngredient (ingredientId, intoleranceId) values (16, 3);
insert into FoodForAll.IntoleranceIngredient (ingredientId, intoleranceId) values (17, 3);
insert into FoodForAll.IntoleranceIngredient (ingredientId, intoleranceId) values (18, 3);
insert into FoodForAll.IntoleranceIngredient (ingredientId, intoleranceId) values (19, 3);
insert into FoodForAll.IntoleranceIngredient (ingredientId, intoleranceId) values (20, 3);
insert into FoodForAll.IntoleranceIngredient (ingredientId, intoleranceId) values (21, 3);
insert into FoodForAll.IntoleranceIngredient (ingredientId, intoleranceId) values (22, 3);
insert into FoodForAll.IntoleranceIngredient (ingredientId, intoleranceId) values (23, 3);
insert into FoodForAll.IntoleranceIngredient (ingredientId, intoleranceId) values (24, 3);
insert into FoodForAll.IntoleranceIngredient (ingredientId, intoleranceId) values (25, 3);
insert into FoodForAll.IntoleranceIngredient (ingredientId, intoleranceId) values (26, 3);
insert into FoodForAll.IntoleranceIngredient (ingredientId, intoleranceId) values (27, 3);
insert into FoodForAll.IntoleranceIngredient (ingredientId, intoleranceId) values (28, 3);
insert into FoodForAll.IntoleranceIngredient (ingredientId, intoleranceId) values (29, 3);
insert into FoodForAll.IntoleranceIngredient (ingredientId, intoleranceId) values (30, 3);

-- adding Tree nut ingredients 31-124
INSERT INTO foodforall.ingredient(name) VALUES ('almond');
INSERT INTO foodforall.ingredient(name) VALUES ('almond butter');
INSERT INTO foodforall.ingredient(name) VALUES ('almond paste');
INSERT INTO foodforall.ingredient(name) VALUES ('anacardiaceae');
INSERT INTO foodforall.ingredient(name) VALUES ('anacardiaceae');
INSERT INTO foodforall.ingredient(name) VALUES ('anacardium nuts');
INSERT INTO foodforall.ingredient(name) VALUES ('anacardium occidentale');
INSERT INTO foodforall.ingredient(name) VALUES ('arecaceae');
INSERT INTO foodforall.ingredient(name) VALUES ('artificial nut');
INSERT INTO foodforall.ingredient(name) VALUES ('beech nut');
INSERT INTO foodforall.ingredient(name) VALUES ('bertholletia excelsa');
INSERT INTO foodforall.ingredient(name) VALUES ('betulaceae');
INSERT INTO foodforall.ingredient(name) VALUES ('brazil nut');
INSERT INTO foodforall.ingredient(name) VALUES ('brazil nut butter');
INSERT INTO foodforall.ingredient(name) VALUES ('burseraceae');
INSERT INTO foodforall.ingredient(name) VALUES ('bush nut');
INSERT INTO foodforall.ingredient(name) VALUES ('butternut');
INSERT INTO foodforall.ingredient(name) VALUES ('butyrospermum parkii');
INSERT INTO foodforall.ingredient(name) VALUES ('canarium ovatum engl');
INSERT INTO foodforall.ingredient(name) VALUES ('caponata');
INSERT INTO foodforall.ingredient(name) VALUES ('carya illinoensis');
INSERT INTO foodforall.ingredient(name) VALUES ('carya spp');
INSERT INTO foodforall.ingredient(name) VALUES ('cashew');
INSERT INTO foodforall.ingredient(name) VALUES ('castanea pumila');
INSERT INTO foodforall.ingredient(name) VALUES ('castanea spp');
INSERT INTO foodforall.ingredient(name) VALUES ('chestnut');
INSERT INTO foodforall.ingredient(name) VALUES ('chinquapin');
INSERT INTO foodforall.ingredient(name) VALUES ('coconut');
INSERT INTO foodforall.ingredient(name) VALUES ('cocos nucifera l');
INSERT INTO foodforall.ingredient(name) VALUES ('corylus spp');
INSERT INTO foodforall.ingredient(name) VALUES ('fagaceae');
INSERT INTO foodforall.ingredient(name) VALUES ('fagus spp');
INSERT INTO foodforall.ingredient(name) VALUES ('filbert');
INSERT INTO foodforall.ingredient(name) VALUES ('gianduja');
INSERT INTO foodforall.ingredient(name) VALUES ('ginkgo biloba l');
INSERT INTO foodforall.ingredient(name) VALUES ('ginkgoaceae');
INSERT INTO foodforall.ingredient(name) VALUES ('ginko nut');
INSERT INTO foodforall.ingredient(name) VALUES ('hazelnut');
INSERT INTO foodforall.ingredient(name) VALUES ('hazelnut butter');
INSERT INTO foodforall.ingredient(name) VALUES ('heartnut');
INSERT INTO foodforall.ingredient(name) VALUES ('hickory nut');
INSERT INTO foodforall.ingredient(name) VALUES ('indian nut');
INSERT INTO foodforall.ingredient(name) VALUES ('juglandaceae');
INSERT INTO foodforall.ingredient(name) VALUES ('juglans cinerea');
INSERT INTO foodforall.ingredient(name) VALUES ('juglans spp');
INSERT INTO foodforall.ingredient(name) VALUES ('karike butter');
INSERT INTO foodforall.ingredient(name) VALUES ('karite (shea nut)');
INSERT INTO foodforall.ingredient(name) VALUES ('lecythidaceae');
INSERT INTO foodforall.ingredient(name) VALUES ('lichee nut');
INSERT INTO foodforall.ingredient(name) VALUES ('litchi chinensis sonn');
INSERT INTO foodforall.ingredient(name) VALUES ('lychee nut');
INSERT INTO foodforall.ingredient(name) VALUES ('macadamia');
INSERT INTO foodforall.ingredient(name) VALUES ('macadamia nut');
INSERT INTO foodforall.ingredient(name) VALUES ('macadamia nut butter');
INSERT INTO foodforall.ingredient(name) VALUES ('mandelonas');
INSERT INTO foodforall.ingredient(name) VALUES ('marzipan');
INSERT INTO foodforall.ingredient(name) VALUES ('mashuga nuts');
INSERT INTO foodforall.ingredient(name) VALUES ('nangai nuts');
INSERT INTO foodforall.ingredient(name) VALUES ('natural nut extract');
INSERT INTO foodforall.ingredient(name) VALUES ('nougat');
INSERT INTO foodforall.ingredient(name) VALUES ('nu-nuts');
INSERT INTO foodforall.ingredient(name) VALUES ('nut meal');
INSERT INTO foodforall.ingredient(name) VALUES ('nut oil');
INSERT INTO foodforall.ingredient(name) VALUES ('nut paste');
INSERT INTO foodforall.ingredient(name) VALUES ('nut pieces');
INSERT INTO foodforall.ingredient(name) VALUES ('nutella');
INSERT INTO foodforall.ingredient(name) VALUES ('nutmeat');
INSERT INTO foodforall.ingredient(name) VALUES ('palmae');
INSERT INTO foodforall.ingredient(name) VALUES ('pecan');
INSERT INTO foodforall.ingredient(name) VALUES ('pigndi');
INSERT INTO foodforall.ingredient(name) VALUES ('pignolia');
INSERT INTO foodforall.ingredient(name) VALUES ('pignon nuts');
INSERT INTO foodforall.ingredient(name) VALUES ('pili nut');
INSERT INTO foodforall.ingredient(name) VALUES ('pine nut');
INSERT INTO foodforall.ingredient(name) VALUES ('pineaceae');
INSERT INTO foodforall.ingredient(name) VALUES ('pinon');
INSERT INTO foodforall.ingredient(name) VALUES ('pinon nut');
INSERT INTO foodforall.ingredient(name) VALUES ('pinon');
INSERT INTO foodforall.ingredient(name) VALUES ('pinus spp');
INSERT INTO foodforall.ingredient(name) VALUES ('pinyon');
INSERT INTO foodforall.ingredient(name) VALUES ('pistachio');
INSERT INTO foodforall.ingredient(name) VALUES ('pistachio nut butter');
INSERT INTO foodforall.ingredient(name) VALUES ('pistacia vera');
INSERT INTO foodforall.ingredient(name) VALUES ('pralines');
INSERT INTO foodforall.ingredient(name) VALUES ('proteaceae');
INSERT INTO foodforall.ingredient(name) VALUES ('prunus dulcis');
INSERT INTO foodforall.ingredient(name) VALUES ('rosaceae');
INSERT INTO foodforall.ingredient(name) VALUES ('sapindaceae');
INSERT INTO foodforall.ingredient(name) VALUES ('sapotaceae');
INSERT INTO foodforall.ingredient(name) VALUES ('shea nut');
INSERT INTO foodforall.ingredient(name) VALUES ('shea nut butter');
INSERT INTO foodforall.ingredient(name) VALUES ('sheanut');
INSERT INTO foodforall.ingredient(name) VALUES ('vitellaria paradoxa cf gaertn');
INSERT INTO foodforall.ingredient(name) VALUES ('walnut');


insert into FoodForAll.AllergyIngredient (ingredientId, allergyId) values (31, 2);
insert into FoodForAll.AllergyIngredient (ingredientId, allergyId) values (32, 2);
insert into FoodForAll.AllergyIngredient (ingredientId, allergyId) values (33, 2);
insert into FoodForAll.AllergyIngredient (ingredientId, allergyId) values (34, 2);
insert into FoodForAll.AllergyIngredient (ingredientId, allergyId) values (35, 2);
insert into FoodForAll.AllergyIngredient (ingredientId, allergyId) values (36, 2);
insert into FoodForAll.AllergyIngredient (ingredientId, allergyId) values (37, 2);
insert into FoodForAll.AllergyIngredient (ingredientId, allergyId) values (38, 2);
insert into FoodForAll.AllergyIngredient (ingredientId, allergyId) values (39, 2);
insert into FoodForAll.AllergyIngredient (ingredientId, allergyId) values (40, 2);
insert into FoodForAll.AllergyIngredient (ingredientId, allergyId) values (41, 2);
insert into FoodForAll.AllergyIngredient (ingredientId, allergyId) values (42, 2);
insert into FoodForAll.AllergyIngredient (ingredientId, allergyId) values (43, 2);
insert into FoodForAll.AllergyIngredient (ingredientId, allergyId) values (44, 2);
insert into FoodForAll.AllergyIngredient (ingredientId, allergyId) values (45, 2);
insert into FoodForAll.AllergyIngredient (ingredientId, allergyId) values (46, 2);
insert into FoodForAll.AllergyIngredient (ingredientId, allergyId) values (47, 2);
insert into FoodForAll.AllergyIngredient (ingredientId, allergyId) values (48, 2);
insert into FoodForAll.AllergyIngredient (ingredientId, allergyId) values (49, 2);
insert into FoodForAll.AllergyIngredient (ingredientId, allergyId) values (50, 2);
insert into FoodForAll.AllergyIngredient (ingredientId, allergyId) values (51, 2);
insert into FoodForAll.AllergyIngredient (ingredientId, allergyId) values (52, 2);
insert into FoodForAll.AllergyIngredient (ingredientId, allergyId) values (53, 2);
insert into FoodForAll.AllergyIngredient (ingredientId, allergyId) values (54, 2);
insert into FoodForAll.AllergyIngredient (ingredientId, allergyId) values (55, 2);
insert into FoodForAll.AllergyIngredient (ingredientId, allergyId) values (56, 2);
insert into FoodForAll.AllergyIngredient (ingredientId, allergyId) values (57, 2);
insert into FoodForAll.AllergyIngredient (ingredientId, allergyId) values (58, 2);
insert into FoodForAll.AllergyIngredient (ingredientId, allergyId) values (59, 2);
insert into FoodForAll.AllergyIngredient (ingredientId, allergyId) values (60, 2);
insert into FoodForAll.AllergyIngredient (ingredientId, allergyId) values (61, 2);
insert into FoodForAll.AllergyIngredient (ingredientId, allergyId) values (62, 2);
insert into FoodForAll.AllergyIngredient (ingredientId, allergyId) values (63, 2);
insert into FoodForAll.AllergyIngredient (ingredientId, allergyId) values (64, 2);
insert into FoodForAll.AllergyIngredient (ingredientId, allergyId) values (65, 2);
insert into FoodForAll.AllergyIngredient (ingredientId, allergyId) values (66, 2);
insert into FoodForAll.AllergyIngredient (ingredientId, allergyId) values (67, 2);
insert into FoodForAll.AllergyIngredient (ingredientId, allergyId) values (68, 2);
insert into FoodForAll.AllergyIngredient (ingredientId, allergyId) values (69, 2);
insert into FoodForAll.AllergyIngredient (ingredientId, allergyId) values (70, 2);
insert into FoodForAll.AllergyIngredient (ingredientId, allergyId) values (71, 2);
insert into FoodForAll.AllergyIngredient (ingredientId, allergyId) values (72, 2);
insert into FoodForAll.AllergyIngredient (ingredientId, allergyId) values (73, 2);
insert into FoodForAll.AllergyIngredient (ingredientId, allergyId) values (74, 2);
insert into FoodForAll.AllergyIngredient (ingredientId, allergyId) values (75, 2);
insert into FoodForAll.AllergyIngredient (ingredientId, allergyId) values (76, 2);
insert into FoodForAll.AllergyIngredient (ingredientId, allergyId) values (77, 2);
insert into FoodForAll.AllergyIngredient (ingredientId, allergyId) values (78, 2);
insert into FoodForAll.AllergyIngredient (ingredientId, allergyId) values (79, 2);
insert into FoodForAll.AllergyIngredient (ingredientId, allergyId) values (80, 2);
insert into FoodForAll.AllergyIngredient (ingredientId, allergyId) values (81, 2);
insert into FoodForAll.AllergyIngredient (ingredientId, allergyId) values (82, 2);
insert into FoodForAll.AllergyIngredient (ingredientId, allergyId) values (83, 2);
insert into FoodForAll.AllergyIngredient (ingredientId, allergyId) values (84, 2);
insert into FoodForAll.AllergyIngredient (ingredientId, allergyId) values (85, 2);
insert into FoodForAll.AllergyIngredient (ingredientId, allergyId) values (86, 2);
insert into FoodForAll.AllergyIngredient (ingredientId, allergyId) values (87, 2);
insert into FoodForAll.AllergyIngredient (ingredientId, allergyId) values (88, 2);
insert into FoodForAll.AllergyIngredient (ingredientId, allergyId) values (89, 2);
insert into FoodForAll.AllergyIngredient (ingredientId, allergyId) values (90, 2);
insert into FoodForAll.AllergyIngredient (ingredientId, allergyId) values (91, 2);
insert into FoodForAll.AllergyIngredient (ingredientId, allergyId) values (92, 2);
insert into FoodForAll.AllergyIngredient (ingredientId, allergyId) values (93, 2);
insert into FoodForAll.AllergyIngredient (ingredientId, allergyId) values (94, 2);
insert into FoodForAll.AllergyIngredient (ingredientId, allergyId) values (95, 2);
insert into FoodForAll.AllergyIngredient (ingredientId, allergyId) values (96, 2);
insert into FoodForAll.AllergyIngredient (ingredientId, allergyId) values (97, 2);
insert into FoodForAll.AllergyIngredient (ingredientId, allergyId) values (98, 2);
insert into FoodForAll.AllergyIngredient (ingredientId, allergyId) values (99, 2);
insert into FoodForAll.AllergyIngredient (ingredientId, allergyId) values (100, 2);
insert into FoodForAll.AllergyIngredient (ingredientId, allergyId) values (101, 2);
insert into FoodForAll.AllergyIngredient (ingredientId, allergyId) values (102, 2);
insert into FoodForAll.AllergyIngredient (ingredientId, allergyId) values (103, 2);
insert into FoodForAll.AllergyIngredient (ingredientId, allergyId) values (104, 2);
insert into FoodForAll.AllergyIngredient (ingredientId, allergyId) values (105, 2);
insert into FoodForAll.AllergyIngredient (ingredientId, allergyId) values (106, 2);
insert into FoodForAll.AllergyIngredient (ingredientId, allergyId) values (107, 2);
insert into FoodForAll.AllergyIngredient (ingredientId, allergyId) values (108, 2);
insert into FoodForAll.AllergyIngredient (ingredientId, allergyId) values (109, 2);
insert into FoodForAll.AllergyIngredient (ingredientId, allergyId) values (110, 2);
insert into FoodForAll.AllergyIngredient (ingredientId, allergyId) values (111, 2);
insert into FoodForAll.AllergyIngredient (ingredientId, allergyId) values (112, 2);
insert into FoodForAll.AllergyIngredient (ingredientId, allergyId) values (113, 2);
insert into FoodForAll.AllergyIngredient (ingredientId, allergyId) values (114, 2);
insert into FoodForAll.AllergyIngredient (ingredientId, allergyId) values (115, 2);
insert into FoodForAll.AllergyIngredient (ingredientId, allergyId) values (116, 2);
insert into FoodForAll.AllergyIngredient (ingredientId, allergyId) values (117, 2);
insert into FoodForAll.AllergyIngredient (ingredientId, allergyId) values (118, 2);
insert into FoodForAll.AllergyIngredient (ingredientId, allergyId) values (119, 2);
insert into FoodForAll.AllergyIngredient (ingredientId, allergyId) values (120, 2);
insert into FoodForAll.AllergyIngredient (ingredientId, allergyId) values (121, 2);
insert into FoodForAll.AllergyIngredient (ingredientId, allergyId) values (122, 2);
insert into FoodForAll.AllergyIngredient (ingredientId, allergyId) values (123, 2);
insert into FoodForAll.AllergyIngredient (ingredientId, allergyId) values (124, 2);

-- milk allergy items 125-239
INSERT INTO foodforall.ingredient(name) VALUES ('1% milk');
INSERT INTO foodforall.ingredient(name) VALUES ('2% milk');
INSERT INTO foodforall.ingredient(name) VALUES ('acid whey');
INSERT INTO foodforall.ingredient(name) VALUES ('acidophilus milk');
INSERT INTO foodforall.ingredient(name) VALUES ('ammonium caseinate');
INSERT INTO foodforall.ingredient(name) VALUES ('anhydrous milk fat');
INSERT INTO foodforall.ingredient(name) VALUES ('artificial butter');
INSERT INTO foodforall.ingredient(name) VALUES ('artificial butter flavor');
INSERT INTO foodforall.ingredient(name) VALUES ('butter');
INSERT INTO foodforall.ingredient(name) VALUES ('butter extract');
INSERT INTO foodforall.ingredient(name) VALUES ('butter fat');
INSERT INTO foodforall.ingredient(name) VALUES ('butter flavored oil');
INSERT INTO foodforall.ingredient(name) VALUES ('butter solids');
INSERT INTO foodforall.ingredient(name) VALUES ('buttermilk');
INSERT INTO foodforall.ingredient(name) VALUES ('buttermilk blend');
INSERT INTO foodforall.ingredient(name) VALUES ('buttermilk solids');
INSERT INTO foodforall.ingredient(name) VALUES ('calcium caseinate');
INSERT INTO foodforall.ingredient(name) VALUES ('casein hydrolysate');
INSERT INTO foodforall.ingredient(name) VALUES ('cheese');
INSERT INTO foodforall.ingredient(name) VALUES ('cheese flavor');
INSERT INTO foodforall.ingredient(name) VALUES ('cheese food');
INSERT INTO foodforall.ingredient(name) VALUES ('condensed milk');
INSERT INTO foodforall.ingredient(name) VALUES ('cottage cheese');
INSERT INTO foodforall.ingredient(name) VALUES ('cream');
INSERT INTO foodforall.ingredient(name) VALUES ('cream cheese');
INSERT INTO foodforall.ingredient(name) VALUES ('cultured milk');
INSERT INTO foodforall.ingredient(name) VALUES ('curds');
INSERT INTO foodforall.ingredient(name) VALUES ('cured whey');
INSERT INTO foodforall.ingredient(name) VALUES ('custard');
INSERT INTO foodforall.ingredient(name) VALUES ('dairy butter');
INSERT INTO foodforall.ingredient(name) VALUES ('dairy product solids');
INSERT INTO foodforall.ingredient(name) VALUES ('delactosed whey');
INSERT INTO foodforall.ingredient(name) VALUES ('demineralized whey');
INSERT INTO foodforall.ingredient(name) VALUES ('dms');
INSERT INTO foodforall.ingredient(name) VALUES ('dried milk');
INSERT INTO foodforall.ingredient(name) VALUES ('dry milk solids');
INSERT INTO foodforall.ingredient(name) VALUES ('evaporated milk');
INSERT INTO foodforall.ingredient(name) VALUES ('fat free milk');
INSERT INTO foodforall.ingredient(name) VALUES ('fully cream milk powder');
INSERT INTO foodforall.ingredient(name) VALUES ('galactose');
INSERT INTO foodforall.ingredient(name) VALUES ('ghee');
INSERT INTO foodforall.ingredient(name) VALUES ('goat milk');
INSERT INTO foodforall.ingredient(name) VALUES ('half & half');
INSERT INTO foodforall.ingredient(name) VALUES ('hydrolysate');
INSERT INTO foodforall.ingredient(name) VALUES ('hydrolyzed casein');
INSERT INTO foodforall.ingredient(name) VALUES ('hydrolyzed whey');
INSERT INTO foodforall.ingredient(name) VALUES ('ice cream');
INSERT INTO foodforall.ingredient(name) VALUES ('ice milk');
INSERT INTO foodforall.ingredient(name) VALUES ('imitation cheese');
INSERT INTO foodforall.ingredient(name) VALUES ('imitation sour cream');
INSERT INTO foodforall.ingredient(name) VALUES ('iron caseinate');
INSERT INTO foodforall.ingredient(name) VALUES ('lactaid');
INSERT INTO foodforall.ingredient(name) VALUES ('lactalbumin');
INSERT INTO foodforall.ingredient(name) VALUES ('lactalbumin phosphate');
INSERT INTO foodforall.ingredient(name) VALUES ('lactate solids');
INSERT INTO foodforall.ingredient(name) VALUES ('lactitol monohydrate');
INSERT INTO foodforall.ingredient(name) VALUES ('lactoglobulin');
INSERT INTO foodforall.ingredient(name) VALUES ('lactose');
INSERT INTO foodforall.ingredient(name) VALUES ('lactose free milk');
INSERT INTO foodforall.ingredient(name) VALUES ('lactulose');
INSERT INTO foodforall.ingredient(name) VALUES ('lactyc yeast');
INSERT INTO foodforall.ingredient(name) VALUES ('low fat milk');
INSERT INTO foodforall.ingredient(name) VALUES ('magnesium caseinate');
INSERT INTO foodforall.ingredient(name) VALUES ('malted milk');
INSERT INTO foodforall.ingredient(name) VALUES ('milk derivative');
INSERT INTO foodforall.ingredient(name) VALUES ('milk fat');
INSERT INTO foodforall.ingredient(name) VALUES ('milk powder');
INSERT INTO foodforall.ingredient(name) VALUES ('milk protein');
INSERT INTO foodforall.ingredient(name) VALUES ('milk protein hydrolysate');
INSERT INTO foodforall.ingredient(name) VALUES ('milk solid paste');
INSERT INTO foodforall.ingredient(name) VALUES ('milk solid');
INSERT INTO foodforall.ingredient(name) VALUES ('natural butter');
INSERT INTO foodforall.ingredient(name) VALUES ('natural butter flavor');
INSERT INTO foodforall.ingredient(name) VALUES ('nisin preparation');
INSERT INTO foodforall.ingredient(name) VALUES ('nonfat dry milk');
INSERT INTO foodforall.ingredient(name) VALUES ('nonfat milk');
INSERT INTO foodforall.ingredient(name) VALUES ('nonfat milk solids');
INSERT INTO foodforall.ingredient(name) VALUES ('nougat');
INSERT INTO foodforall.ingredient(name) VALUES ('pasteurized milk');
INSERT INTO foodforall.ingredient(name) VALUES ('potassium caseinate');
INSERT INTO foodforall.ingredient(name) VALUES ('powdered whey');
INSERT INTO foodforall.ingredient(name) VALUES ('protein hydrolysate');
INSERT INTO foodforall.ingredient(name) VALUES ('pudding');
INSERT INTO foodforall.ingredient(name) VALUES ('quark');
INSERT INTO foodforall.ingredient(name) VALUES ('recaldent');
INSERT INTO foodforall.ingredient(name) VALUES ('reduced mineral whey');
INSERT INTO foodforall.ingredient(name) VALUES ('rennet');
INSERT INTO foodforall.ingredient(name) VALUES ('rennet casein');
INSERT INTO foodforall.ingredient(name) VALUES ('sheep milk');
INSERT INTO foodforall.ingredient(name) VALUES ('sherbet');
INSERT INTO foodforall.ingredient(name) VALUES ('simplesse');
INSERT INTO foodforall.ingredient(name) VALUES ('skim milk');
INSERT INTO foodforall.ingredient(name) VALUES ('skim milk powder');
INSERT INTO foodforall.ingredient(name) VALUES ('sodium caseinate');
INSERT INTO foodforall.ingredient(name) VALUES ('sour cream');
INSERT INTO foodforall.ingredient(name) VALUES ('sour cream solids');
INSERT INTO foodforall.ingredient(name) VALUES ('sour milk');
INSERT INTO foodforall.ingredient(name) VALUES ('sour milk solid');
INSERT INTO foodforall.ingredient(name) VALUES ('sweet cream buttermilk powder');
INSERT INTO foodforall.ingredient(name) VALUES ('sweet dairy whey');
INSERT INTO foodforall.ingredient(name) VALUES ('sweetened condensed milk');
INSERT INTO foodforall.ingredient(name) VALUES ('sweetened condensed skim milk');
INSERT INTO foodforall.ingredient(name) VALUES ('vegetarian cheese');
INSERT INTO foodforall.ingredient(name) VALUES ('whey');
INSERT INTO foodforall.ingredient(name) VALUES ('whey hydrolysate');
INSERT INTO foodforall.ingredient(name) VALUES ('whey powder');
INSERT INTO foodforall.ingredient(name) VALUES ('whey protein');
INSERT INTO foodforall.ingredient(name) VALUES ('whey protein concentrate');
INSERT INTO foodforall.ingredient(name) VALUES ('whey solids');
INSERT INTO foodforall.ingredient(name) VALUES ('whipped butter');
INSERT INTO foodforall.ingredient(name) VALUES ('whipped cream');
INSERT INTO foodforall.ingredient(name) VALUES ('whole milk');
INSERT INTO foodforall.ingredient(name) VALUES ('yogurt');
INSERT INTO foodforall.ingredient(name) VALUES ('yogurt powder');
INSERT INTO foodforall.ingredient(name) VALUES ('zinc caseinate');

insert into FoodForAll.AllergyIngredient (ingredientId, allergyId) values (125, 3);
insert into FoodForAll.AllergyIngredient (ingredientId, allergyId) values (126, 3);
insert into FoodForAll.AllergyIngredient (ingredientId, allergyId) values (127, 3);
insert into FoodForAll.AllergyIngredient (ingredientId, allergyId) values (128, 3);
insert into FoodForAll.AllergyIngredient (ingredientId, allergyId) values (129, 3);
insert into FoodForAll.AllergyIngredient (ingredientId, allergyId) values (130, 3);
insert into FoodForAll.AllergyIngredient (ingredientId, allergyId) values (131, 3);
insert into FoodForAll.AllergyIngredient (ingredientId, allergyId) values (132, 3);
insert into FoodForAll.AllergyIngredient (ingredientId, allergyId) values (133, 3);
insert into FoodForAll.AllergyIngredient (ingredientId, allergyId) values (134, 3);
insert into FoodForAll.AllergyIngredient (ingredientId, allergyId) values (135, 3);
insert into FoodForAll.AllergyIngredient (ingredientId, allergyId) values (136, 3);
insert into FoodForAll.AllergyIngredient (ingredientId, allergyId) values (137, 3);
insert into FoodForAll.AllergyIngredient (ingredientId, allergyId) values (138, 3);
insert into FoodForAll.AllergyIngredient (ingredientId, allergyId) values (139, 3);
insert into FoodForAll.AllergyIngredient (ingredientId, allergyId) values (140, 3);
insert into FoodForAll.AllergyIngredient (ingredientId, allergyId) values (141, 3);
insert into FoodForAll.AllergyIngredient (ingredientId, allergyId) values (142, 3);
insert into FoodForAll.AllergyIngredient (ingredientId, allergyId) values (143, 3);
insert into FoodForAll.AllergyIngredient (ingredientId, allergyId) values (144, 3);
insert into FoodForAll.AllergyIngredient (ingredientId, allergyId) values (145, 3);
insert into FoodForAll.AllergyIngredient (ingredientId, allergyId) values (146, 3);
insert into FoodForAll.AllergyIngredient (ingredientId, allergyId) values (147, 3);
insert into FoodForAll.AllergyIngredient (ingredientId, allergyId) values (148, 3);
insert into FoodForAll.AllergyIngredient (ingredientId, allergyId) values (149, 3);
insert into FoodForAll.AllergyIngredient (ingredientId, allergyId) values (150, 3);
insert into FoodForAll.AllergyIngredient (ingredientId, allergyId) values (151, 3);
insert into FoodForAll.AllergyIngredient (ingredientId, allergyId) values (152, 3);
insert into FoodForAll.AllergyIngredient (ingredientId, allergyId) values (153, 3);
insert into FoodForAll.AllergyIngredient (ingredientId, allergyId) values (154, 3);
insert into FoodForAll.AllergyIngredient (ingredientId, allergyId) values (155, 3);
insert into FoodForAll.AllergyIngredient (ingredientId, allergyId) values (156, 3);
insert into FoodForAll.AllergyIngredient (ingredientId, allergyId) values (157, 3);
insert into FoodForAll.AllergyIngredient (ingredientId, allergyId) values (158, 3);
insert into FoodForAll.AllergyIngredient (ingredientId, allergyId) values (159, 3);
insert into FoodForAll.AllergyIngredient (ingredientId, allergyId) values (160, 3);
insert into FoodForAll.AllergyIngredient (ingredientId, allergyId) values (161, 3);
insert into FoodForAll.AllergyIngredient (ingredientId, allergyId) values (162, 3);
insert into FoodForAll.AllergyIngredient (ingredientId, allergyId) values (163, 3);
insert into FoodForAll.AllergyIngredient (ingredientId, allergyId) values (164, 3);
insert into FoodForAll.AllergyIngredient (ingredientId, allergyId) values (165, 3);
insert into FoodForAll.AllergyIngredient (ingredientId, allergyId) values (166, 3);
insert into FoodForAll.AllergyIngredient (ingredientId, allergyId) values (167, 3);
insert into FoodForAll.AllergyIngredient (ingredientId, allergyId) values (168, 3);
insert into FoodForAll.AllergyIngredient (ingredientId, allergyId) values (169, 3);
insert into FoodForAll.AllergyIngredient (ingredientId, allergyId) values (170, 3);
insert into FoodForAll.AllergyIngredient (ingredientId, allergyId) values (171, 3);
insert into FoodForAll.AllergyIngredient (ingredientId, allergyId) values (172, 3);
insert into FoodForAll.AllergyIngredient (ingredientId, allergyId) values (173, 3);
insert into FoodForAll.AllergyIngredient (ingredientId, allergyId) values (174, 3);
insert into FoodForAll.AllergyIngredient (ingredientId, allergyId) values (175, 3);
insert into FoodForAll.AllergyIngredient (ingredientId, allergyId) values (176, 3);
insert into FoodForAll.AllergyIngredient (ingredientId, allergyId) values (177, 3);
insert into FoodForAll.AllergyIngredient (ingredientId, allergyId) values (178, 3);
insert into FoodForAll.AllergyIngredient (ingredientId, allergyId) values (179, 3);
insert into FoodForAll.AllergyIngredient (ingredientId, allergyId) values (180, 3);
insert into FoodForAll.AllergyIngredient (ingredientId, allergyId) values (181, 3);
insert into FoodForAll.AllergyIngredient (ingredientId, allergyId) values (182, 3);
insert into FoodForAll.AllergyIngredient (ingredientId, allergyId) values (183, 3);
insert into FoodForAll.AllergyIngredient (ingredientId, allergyId) values (184, 3);
insert into FoodForAll.AllergyIngredient (ingredientId, allergyId) values (185, 3);
insert into FoodForAll.AllergyIngredient (ingredientId, allergyId) values (186, 3);
insert into FoodForAll.AllergyIngredient (ingredientId, allergyId) values (187, 3);
insert into FoodForAll.AllergyIngredient (ingredientId, allergyId) values (188, 3);
insert into FoodForAll.AllergyIngredient (ingredientId, allergyId) values (189, 3);
insert into FoodForAll.AllergyIngredient (ingredientId, allergyId) values (190, 3);
insert into FoodForAll.AllergyIngredient (ingredientId, allergyId) values (191, 3);
insert into FoodForAll.AllergyIngredient (ingredientId, allergyId) values (192, 3);
insert into FoodForAll.AllergyIngredient (ingredientId, allergyId) values (193, 3);
insert into FoodForAll.AllergyIngredient (ingredientId, allergyId) values (194, 3);
insert into FoodForAll.AllergyIngredient (ingredientId, allergyId) values (195, 3);
insert into FoodForAll.AllergyIngredient (ingredientId, allergyId) values (196, 3);
insert into FoodForAll.AllergyIngredient (ingredientId, allergyId) values (197, 3);
insert into FoodForAll.AllergyIngredient (ingredientId, allergyId) values (198, 3);
insert into FoodForAll.AllergyIngredient (ingredientId, allergyId) values (199, 3);
insert into FoodForAll.AllergyIngredient (ingredientId, allergyId) values (200, 3);
insert into FoodForAll.AllergyIngredient (ingredientId, allergyId) values (201, 3);
insert into FoodForAll.AllergyIngredient (ingredientId, allergyId) values (202, 3);
insert into FoodForAll.AllergyIngredient (ingredientId, allergyId) values (203, 3);
insert into FoodForAll.AllergyIngredient (ingredientId, allergyId) values (204, 3);
insert into FoodForAll.AllergyIngredient (ingredientId, allergyId) values (205, 3);
insert into FoodForAll.AllergyIngredient (ingredientId, allergyId) values (206, 3);
insert into FoodForAll.AllergyIngredient (ingredientId, allergyId) values (207, 3);
insert into FoodForAll.AllergyIngredient (ingredientId, allergyId) values (208, 3);
insert into FoodForAll.AllergyIngredient (ingredientId, allergyId) values (209, 3);
insert into FoodForAll.AllergyIngredient (ingredientId, allergyId) values (210, 3);
insert into FoodForAll.AllergyIngredient (ingredientId, allergyId) values (211, 3);
insert into FoodForAll.AllergyIngredient (ingredientId, allergyId) values (212, 3);
insert into FoodForAll.AllergyIngredient (ingredientId, allergyId) values (213, 3);
insert into FoodForAll.AllergyIngredient (ingredientId, allergyId) values (214, 3);
insert into FoodForAll.AllergyIngredient (ingredientId, allergyId) values (215, 3);
insert into FoodForAll.AllergyIngredient (ingredientId, allergyId) values (216, 3);
insert into FoodForAll.AllergyIngredient (ingredientId, allergyId) values (217, 3);
insert into FoodForAll.AllergyIngredient (ingredientId, allergyId) values (218, 3);
insert into FoodForAll.AllergyIngredient (ingredientId, allergyId) values (219, 3);
insert into FoodForAll.AllergyIngredient (ingredientId, allergyId) values (220, 3);
insert into FoodForAll.AllergyIngredient (ingredientId, allergyId) values (221, 3);
insert into FoodForAll.AllergyIngredient (ingredientId, allergyId) values (222, 3);
insert into FoodForAll.AllergyIngredient (ingredientId, allergyId) values (223, 3);
insert into FoodForAll.AllergyIngredient (ingredientId, allergyId) values (224, 3);
insert into FoodForAll.AllergyIngredient (ingredientId, allergyId) values (225, 3);
insert into FoodForAll.AllergyIngredient (ingredientId, allergyId) values (226, 3);
insert into FoodForAll.AllergyIngredient (ingredientId, allergyId) values (227, 3);
insert into FoodForAll.AllergyIngredient (ingredientId, allergyId) values (228, 3);
insert into FoodForAll.AllergyIngredient (ingredientId, allergyId) values (229, 3);
insert into FoodForAll.AllergyIngredient (ingredientId, allergyId) values (230, 3);
insert into FoodForAll.AllergyIngredient (ingredientId, allergyId) values (231, 3);
insert into FoodForAll.AllergyIngredient (ingredientId, allergyId) values (232, 3);
insert into FoodForAll.AllergyIngredient (ingredientId, allergyId) values (233, 3);
insert into FoodForAll.AllergyIngredient (ingredientId, allergyId) values (234, 3);
insert into FoodForAll.AllergyIngredient (ingredientId, allergyId) values (235, 3);
insert into FoodForAll.AllergyIngredient (ingredientId, allergyId) values (236, 3);
insert into FoodForAll.AllergyIngredient (ingredientId, allergyId) values (237, 3);
insert into FoodForAll.AllergyIngredient (ingredientId, allergyId) values (238, 3);
insert into FoodForAll.AllergyIngredient (ingredientId, allergyId) values (239, 3);


insert into FoodForAll.IntoleranceIngredient (ingredientId, IntoleranceId) values (125, 1);
insert into FoodForAll.IntoleranceIngredient (ingredientId, IntoleranceId) values (126, 1);
insert into FoodForAll.IntoleranceIngredient (ingredientId, IntoleranceId) values (127, 1);
insert into FoodForAll.IntoleranceIngredient (ingredientId, IntoleranceId) values (128, 1);
insert into FoodForAll.IntoleranceIngredient (ingredientId, IntoleranceId) values (129, 1);
insert into FoodForAll.IntoleranceIngredient (ingredientId, IntoleranceId) values (130, 1);
insert into FoodForAll.IntoleranceIngredient (ingredientId, IntoleranceId) values (131, 1);
insert into FoodForAll.IntoleranceIngredient (ingredientId, IntoleranceId) values (132, 1);
insert into FoodForAll.IntoleranceIngredient (ingredientId, IntoleranceId) values (133, 1);
insert into FoodForAll.IntoleranceIngredient (ingredientId, IntoleranceId) values (134, 1);
insert into FoodForAll.IntoleranceIngredient (ingredientId, IntoleranceId) values (135, 1);
insert into FoodForAll.IntoleranceIngredient (ingredientId, IntoleranceId) values (136, 1);
insert into FoodForAll.IntoleranceIngredient (ingredientId, IntoleranceId) values (137, 1);
insert into FoodForAll.IntoleranceIngredient (ingredientId, IntoleranceId) values (138, 1);
insert into FoodForAll.IntoleranceIngredient (ingredientId, IntoleranceId) values (139, 1);
insert into FoodForAll.IntoleranceIngredient (ingredientId, IntoleranceId) values (140, 1);
insert into FoodForAll.IntoleranceIngredient (ingredientId, IntoleranceId) values (141, 1);
insert into FoodForAll.IntoleranceIngredient (ingredientId, IntoleranceId) values (142, 1);
insert into FoodForAll.IntoleranceIngredient (ingredientId, IntoleranceId) values (143, 1);
insert into FoodForAll.IntoleranceIngredient (ingredientId, IntoleranceId) values (144, 1);
insert into FoodForAll.IntoleranceIngredient (ingredientId, IntoleranceId) values (145, 1);
insert into FoodForAll.IntoleranceIngredient (ingredientId, IntoleranceId) values (146, 1);
insert into FoodForAll.IntoleranceIngredient (ingredientId, IntoleranceId) values (147, 1);
insert into FoodForAll.IntoleranceIngredient (ingredientId, IntoleranceId) values (148, 1);
insert into FoodForAll.IntoleranceIngredient (ingredientId, IntoleranceId) values (149, 1);
insert into FoodForAll.IntoleranceIngredient (ingredientId, IntoleranceId) values (150, 1);
insert into FoodForAll.IntoleranceIngredient (ingredientId, IntoleranceId) values (151, 1);
insert into FoodForAll.IntoleranceIngredient (ingredientId, IntoleranceId) values (152, 1);
insert into FoodForAll.IntoleranceIngredient (ingredientId, IntoleranceId) values (153, 1);
insert into FoodForAll.IntoleranceIngredient (ingredientId, IntoleranceId) values (154, 1);
insert into FoodForAll.IntoleranceIngredient (ingredientId, IntoleranceId) values (155, 1);
insert into FoodForAll.IntoleranceIngredient (ingredientId, IntoleranceId) values (156, 1);
insert into FoodForAll.IntoleranceIngredient (ingredientId, IntoleranceId) values (157, 1);
insert into FoodForAll.IntoleranceIngredient (ingredientId, IntoleranceId) values (158, 1);
insert into FoodForAll.IntoleranceIngredient (ingredientId, IntoleranceId) values (159, 1);
insert into FoodForAll.IntoleranceIngredient (ingredientId, IntoleranceId) values (160, 1);
insert into FoodForAll.IntoleranceIngredient (ingredientId, IntoleranceId) values (161, 1);
insert into FoodForAll.IntoleranceIngredient (ingredientId, IntoleranceId) values (162, 1);
insert into FoodForAll.IntoleranceIngredient (ingredientId, IntoleranceId) values (163, 1);
insert into FoodForAll.IntoleranceIngredient (ingredientId, IntoleranceId) values (164, 1);
insert into FoodForAll.IntoleranceIngredient (ingredientId, IntoleranceId) values (165, 1);
insert into FoodForAll.IntoleranceIngredient (ingredientId, IntoleranceId) values (166, 1);
insert into FoodForAll.IntoleranceIngredient (ingredientId, IntoleranceId) values (167, 1);
insert into FoodForAll.IntoleranceIngredient (ingredientId, IntoleranceId) values (168, 1);
insert into FoodForAll.IntoleranceIngredient (ingredientId, IntoleranceId) values (169, 1);
insert into FoodForAll.IntoleranceIngredient (ingredientId, IntoleranceId) values (170, 1);
insert into FoodForAll.IntoleranceIngredient (ingredientId, IntoleranceId) values (171, 1);
insert into FoodForAll.IntoleranceIngredient (ingredientId, IntoleranceId) values (172, 1);
insert into FoodForAll.IntoleranceIngredient (ingredientId, IntoleranceId) values (173, 1);
insert into FoodForAll.IntoleranceIngredient (ingredientId, IntoleranceId) values (174, 1);
insert into FoodForAll.IntoleranceIngredient (ingredientId, IntoleranceId) values (175, 1);
insert into FoodForAll.IntoleranceIngredient (ingredientId, IntoleranceId) values (176, 1);
insert into FoodForAll.IntoleranceIngredient (ingredientId, IntoleranceId) values (177, 1);
insert into FoodForAll.IntoleranceIngredient (ingredientId, IntoleranceId) values (178, 1);
insert into FoodForAll.IntoleranceIngredient (ingredientId, IntoleranceId) values (179, 1);
insert into FoodForAll.IntoleranceIngredient (ingredientId, IntoleranceId) values (180, 1);
insert into FoodForAll.IntoleranceIngredient (ingredientId, IntoleranceId) values (181, 1);
insert into FoodForAll.IntoleranceIngredient (ingredientId, IntoleranceId) values (182, 1);
insert into FoodForAll.IntoleranceIngredient (ingredientId, IntoleranceId) values (183, 1);
insert into FoodForAll.IntoleranceIngredient (ingredientId, IntoleranceId) values (184, 1);
insert into FoodForAll.IntoleranceIngredient (ingredientId, IntoleranceId) values (185, 1);
insert into FoodForAll.IntoleranceIngredient (ingredientId, IntoleranceId) values (186, 1);
insert into FoodForAll.IntoleranceIngredient (ingredientId, IntoleranceId) values (187, 1);
insert into FoodForAll.IntoleranceIngredient (ingredientId, IntoleranceId) values (188, 1);
insert into FoodForAll.IntoleranceIngredient (ingredientId, IntoleranceId) values (189, 1);
insert into FoodForAll.IntoleranceIngredient (ingredientId, IntoleranceId) values (190, 1);
insert into FoodForAll.IntoleranceIngredient (ingredientId, IntoleranceId) values (191, 1);
insert into FoodForAll.IntoleranceIngredient (ingredientId, IntoleranceId) values (192, 1);
insert into FoodForAll.IntoleranceIngredient (ingredientId, IntoleranceId) values (193, 1);
insert into FoodForAll.IntoleranceIngredient (ingredientId, IntoleranceId) values (194, 1);
insert into FoodForAll.IntoleranceIngredient (ingredientId, IntoleranceId) values (195, 1);
insert into FoodForAll.IntoleranceIngredient (ingredientId, IntoleranceId) values (196, 1);
insert into FoodForAll.IntoleranceIngredient (ingredientId, IntoleranceId) values (197, 1);
insert into FoodForAll.IntoleranceIngredient (ingredientId, IntoleranceId) values (198, 1);
insert into FoodForAll.IntoleranceIngredient (ingredientId, IntoleranceId) values (199, 1);
insert into FoodForAll.IntoleranceIngredient (ingredientId, IntoleranceId) values (200, 1);
insert into FoodForAll.IntoleranceIngredient (ingredientId, IntoleranceId) values (201, 1);
insert into FoodForAll.IntoleranceIngredient (ingredientId, IntoleranceId) values (202, 1);
insert into FoodForAll.IntoleranceIngredient (ingredientId, IntoleranceId) values (203, 1);
insert into FoodForAll.IntoleranceIngredient (ingredientId, IntoleranceId) values (204, 1);
insert into FoodForAll.IntoleranceIngredient (ingredientId, IntoleranceId) values (205, 1);
insert into FoodForAll.IntoleranceIngredient (ingredientId, IntoleranceId) values (206, 1);
insert into FoodForAll.IntoleranceIngredient (ingredientId, IntoleranceId) values (207, 1);
insert into FoodForAll.IntoleranceIngredient (ingredientId, IntoleranceId) values (208, 1);
insert into FoodForAll.IntoleranceIngredient (ingredientId, IntoleranceId) values (209, 1);
insert into FoodForAll.IntoleranceIngredient (ingredientId, IntoleranceId) values (210, 1);
insert into FoodForAll.IntoleranceIngredient (ingredientId, IntoleranceId) values (211, 1);
insert into FoodForAll.IntoleranceIngredient (ingredientId, IntoleranceId) values (212, 1);
insert into FoodForAll.IntoleranceIngredient (ingredientId, IntoleranceId) values (213, 1);
insert into FoodForAll.IntoleranceIngredient (ingredientId, IntoleranceId) values (214, 1);
insert into FoodForAll.IntoleranceIngredient (ingredientId, IntoleranceId) values (215, 1);
insert into FoodForAll.IntoleranceIngredient (ingredientId, IntoleranceId) values (216, 1);
insert into FoodForAll.IntoleranceIngredient (ingredientId, IntoleranceId) values (217, 1);
insert into FoodForAll.IntoleranceIngredient (ingredientId, IntoleranceId) values (218, 1);
insert into FoodForAll.IntoleranceIngredient (ingredientId, IntoleranceId) values (219, 1);
insert into FoodForAll.IntoleranceIngredient (ingredientId, IntoleranceId) values (220, 1);
insert into FoodForAll.IntoleranceIngredient (ingredientId, IntoleranceId) values (221, 1);
insert into FoodForAll.IntoleranceIngredient (ingredientId, IntoleranceId) values (222, 1);
insert into FoodForAll.IntoleranceIngredient (ingredientId, IntoleranceId) values (223, 1);
insert into FoodForAll.IntoleranceIngredient (ingredientId, IntoleranceId) values (224, 1);
insert into FoodForAll.IntoleranceIngredient (ingredientId, IntoleranceId) values (225, 1);
insert into FoodForAll.IntoleranceIngredient (ingredientId, IntoleranceId) values (226, 1);
insert into FoodForAll.IntoleranceIngredient (ingredientId, IntoleranceId) values (227, 1);
insert into FoodForAll.IntoleranceIngredient (ingredientId, IntoleranceId) values (228, 1);
insert into FoodForAll.IntoleranceIngredient (ingredientId, IntoleranceId) values (229, 1);
insert into FoodForAll.IntoleranceIngredient (ingredientId, IntoleranceId) values (230, 1);
insert into FoodForAll.IntoleranceIngredient (ingredientId, IntoleranceId) values (231, 1);
insert into FoodForAll.IntoleranceIngredient (ingredientId, IntoleranceId) values (232, 1);
insert into FoodForAll.IntoleranceIngredient (ingredientId, IntoleranceId) values (233, 1);
insert into FoodForAll.IntoleranceIngredient (ingredientId, IntoleranceId) values (234, 1);
insert into FoodForAll.IntoleranceIngredient (ingredientId, IntoleranceId) values (235, 1);
insert into FoodForAll.IntoleranceIngredient (ingredientId, IntoleranceId) values (236, 1);
insert into FoodForAll.IntoleranceIngredient (ingredientId, IntoleranceId) values (237, 1);
insert into FoodForAll.IntoleranceIngredient (ingredientId, IntoleranceId) values (238, 1);
insert into FoodForAll.IntoleranceIngredient (ingredientId, IntoleranceId) values (239, 1);


-- Wheat Allergies 240-306
INSERT INTO foodforall.ingredient(name) VALUES ('artificial flavoring');
INSERT INTO foodforall.ingredient(name) VALUES ('atta');
INSERT INTO foodforall.ingredient(name) VALUES ('bran');
INSERT INTO foodforall.ingredient(name) VALUES ('bread');
INSERT INTO foodforall.ingredient(name) VALUES ('bromated');
INSERT INTO foodforall.ingredient(name) VALUES ('bulgur');
INSERT INTO foodforall.ingredient(name) VALUES ('cake');
INSERT INTO foodforall.ingredient(name) VALUES ('caramel color');
INSERT INTO foodforall.ingredient(name) VALUES ('cereal');
INSERT INTO foodforall.ingredient(name) VALUES ('club');
INSERT INTO foodforall.ingredient(name) VALUES ('common');
INSERT INTO foodforall.ingredient(name) VALUES ('couscous');
INSERT INTO foodforall.ingredient(name) VALUES ('cracker meal');
INSERT INTO foodforall.ingredient(name) VALUES ('dextrin');
INSERT INTO foodforall.ingredient(name) VALUES ('einkorn');
INSERT INTO foodforall.ingredient(name) VALUES ('emmer');
INSERT INTO foodforall.ingredient(name) VALUES ('farina');
INSERT INTO foodforall.ingredient(name) VALUES ('farro');
INSERT INTO foodforall.ingredient(name) VALUES ('flour');
INSERT INTO foodforall.ingredient(name) VALUES ('food starch');
INSERT INTO foodforall.ingredient(name) VALUES ('fu');
INSERT INTO foodforall.ingredient(name) VALUES ('gelatinized starch');
INSERT INTO foodforall.ingredient(name) VALUES ('germ oil');
INSERT INTO foodforall.ingredient(name) VALUES ('glucose syrup');
INSERT INTO foodforall.ingredient(name) VALUES ('gluten');
INSERT INTO foodforall.ingredient(name) VALUES ('graham');
INSERT INTO foodforall.ingredient(name) VALUES ('hvp');
INSERT INTO foodforall.ingredient(name) VALUES ('hydrolyzed vegetable protein');
INSERT INTO foodforall.ingredient(name) VALUES ('isolate');
INSERT INTO foodforall.ingredient(name) VALUES ('kamut');
INSERT INTO foodforall.ingredient(name) VALUES ('khorasan');
INSERT INTO foodforall.ingredient(name) VALUES ('maida');
INSERT INTO foodforall.ingredient(name) VALUES ('malt');
INSERT INTO foodforall.ingredient(name) VALUES ('malt extract');
INSERT INTO foodforall.ingredient(name) VALUES ('maltodextrin');
INSERT INTO foodforall.ingredient(name) VALUES ('matza');
INSERT INTO foodforall.ingredient(name) VALUES ('matzah');
INSERT INTO foodforall.ingredient(name) VALUES ('matzo');
INSERT INTO foodforall.ingredient(name) VALUES ('matzoh');
INSERT INTO foodforall.ingredient(name) VALUES ('modified starch');
INSERT INTO foodforall.ingredient(name) VALUES ('monosodium glutamate');
INSERT INTO foodforall.ingredient(name) VALUES ('msg');
INSERT INTO foodforall.ingredient(name) VALUES ('natural flavoring');
INSERT INTO foodforall.ingredient(name) VALUES ('noodles');
INSERT INTO foodforall.ingredient(name) VALUES ('oats');
INSERT INTO foodforall.ingredient(name) VALUES ('pasta');
INSERT INTO foodforall.ingredient(name) VALUES ('seitan');
INSERT INTO foodforall.ingredient(name) VALUES ('semolina');
INSERT INTO foodforall.ingredient(name) VALUES ('semolina');
INSERT INTO foodforall.ingredient(name) VALUES ('shoyu');
INSERT INTO foodforall.ingredient(name) VALUES ('soy sauce');
INSERT INTO foodforall.ingredient(name) VALUES ('spelt');
INSERT INTO foodforall.ingredient(name) VALUES ('starch');
INSERT INTO foodforall.ingredient(name) VALUES ('surimi');
INSERT INTO foodforall.ingredient(name) VALUES ('tabbouleh');
INSERT INTO foodforall.ingredient(name) VALUES ('tamari');
INSERT INTO foodforall.ingredient(name) VALUES ('teriyaki sauce');
INSERT INTO foodforall.ingredient(name) VALUES ('textured vegetable protein');
INSERT INTO foodforall.ingredient(name) VALUES ('triticale');
INSERT INTO foodforall.ingredient(name) VALUES ('triticum');
INSERT INTO foodforall.ingredient(name) VALUES ('vegetable gum');
INSERT INTO foodforall.ingredient(name) VALUES ('vegetable starch');
INSERT INTO foodforall.ingredient(name) VALUES ('vital');
INSERT INTO foodforall.ingredient(name) VALUES ('wheat');
INSERT INTO foodforall.ingredient(name) VALUES ('wheat berries');
INSERT INTO foodforall.ingredient(name) VALUES ('wheat sprouts');
INSERT INTO foodforall.ingredient(name) VALUES ('wheatgrass');

insert into FoodForAll.AllergyIngredient (ingredientId, allergyId) values (240, 4);
insert into FoodForAll.AllergyIngredient (ingredientId, allergyId) values (241, 4);
insert into FoodForAll.AllergyIngredient (ingredientId, allergyId) values (242, 4);
insert into FoodForAll.AllergyIngredient (ingredientId, allergyId) values (243, 4);
insert into FoodForAll.AllergyIngredient (ingredientId, allergyId) values (244, 4);
insert into FoodForAll.AllergyIngredient (ingredientId, allergyId) values (245, 4);
insert into FoodForAll.AllergyIngredient (ingredientId, allergyId) values (246, 4);
insert into FoodForAll.AllergyIngredient (ingredientId, allergyId) values (247, 4);
insert into FoodForAll.AllergyIngredient (ingredientId, allergyId) values (248, 4);
insert into FoodForAll.AllergyIngredient (ingredientId, allergyId) values (249, 4);
insert into FoodForAll.AllergyIngredient (ingredientId, allergyId) values (250, 4);
insert into FoodForAll.AllergyIngredient (ingredientId, allergyId) values (251, 4);
insert into FoodForAll.AllergyIngredient (ingredientId, allergyId) values (252, 4);
insert into FoodForAll.AllergyIngredient (ingredientId, allergyId) values (253, 4);
insert into FoodForAll.AllergyIngredient (ingredientId, allergyId) values (254, 4);
insert into FoodForAll.AllergyIngredient (ingredientId, allergyId) values (255, 4);
insert into FoodForAll.AllergyIngredient (ingredientId, allergyId) values (256, 4);
insert into FoodForAll.AllergyIngredient (ingredientId, allergyId) values (257, 4);
insert into FoodForAll.AllergyIngredient (ingredientId, allergyId) values (258, 4);
insert into FoodForAll.AllergyIngredient (ingredientId, allergyId) values (259, 4);
insert into FoodForAll.AllergyIngredient (ingredientId, allergyId) values (260, 4);
insert into FoodForAll.AllergyIngredient (ingredientId, allergyId) values (261, 4);
insert into FoodForAll.AllergyIngredient (ingredientId, allergyId) values (262, 4);
insert into FoodForAll.AllergyIngredient (ingredientId, allergyId) values (263, 4);
insert into FoodForAll.AllergyIngredient (ingredientId, allergyId) values (264, 4);
insert into FoodForAll.AllergyIngredient (ingredientId, allergyId) values (265, 4);
insert into FoodForAll.AllergyIngredient (ingredientId, allergyId) values (266, 4);
insert into FoodForAll.AllergyIngredient (ingredientId, allergyId) values (267, 4);
insert into FoodForAll.AllergyIngredient (ingredientId, allergyId) values (268, 4);
insert into FoodForAll.AllergyIngredient (ingredientId, allergyId) values (269, 4);
insert into FoodForAll.AllergyIngredient (ingredientId, allergyId) values (270, 4);
insert into FoodForAll.AllergyIngredient (ingredientId, allergyId) values (271, 4);
insert into FoodForAll.AllergyIngredient (ingredientId, allergyId) values (272, 4);
insert into FoodForAll.AllergyIngredient (ingredientId, allergyId) values (273, 4);
insert into FoodForAll.AllergyIngredient (ingredientId, allergyId) values (274, 4);
insert into FoodForAll.AllergyIngredient (ingredientId, allergyId) values (275, 4);
insert into FoodForAll.AllergyIngredient (ingredientId, allergyId) values (276, 4);
insert into FoodForAll.AllergyIngredient (ingredientId, allergyId) values (277, 4);
insert into FoodForAll.AllergyIngredient (ingredientId, allergyId) values (278, 4);
insert into FoodForAll.AllergyIngredient (ingredientId, allergyId) values (279, 4);
insert into FoodForAll.AllergyIngredient (ingredientId, allergyId) values (280, 4);
insert into FoodForAll.AllergyIngredient (ingredientId, allergyId) values (281, 4);
insert into FoodForAll.AllergyIngredient (ingredientId, allergyId) values (282, 4);
insert into FoodForAll.AllergyIngredient (ingredientId, allergyId) values (283, 4);
insert into FoodForAll.AllergyIngredient (ingredientId, allergyId) values (284, 4);
insert into FoodForAll.AllergyIngredient (ingredientId, allergyId) values (285, 4);
insert into FoodForAll.AllergyIngredient (ingredientId, allergyId) values (286, 4);
insert into FoodForAll.AllergyIngredient (ingredientId, allergyId) values (287, 4);
insert into FoodForAll.AllergyIngredient (ingredientId, allergyId) values (288, 4);
insert into FoodForAll.AllergyIngredient (ingredientId, allergyId) values (289, 4);
insert into FoodForAll.AllergyIngredient (ingredientId, allergyId) values (290, 4);
insert into FoodForAll.AllergyIngredient (ingredientId, allergyId) values (291, 4);
insert into FoodForAll.AllergyIngredient (ingredientId, allergyId) values (292, 4);
insert into FoodForAll.AllergyIngredient (ingredientId, allergyId) values (293, 4);
insert into FoodForAll.AllergyIngredient (ingredientId, allergyId) values (294, 4);
insert into FoodForAll.AllergyIngredient (ingredientId, allergyId) values (295, 4);
insert into FoodForAll.AllergyIngredient (ingredientId, allergyId) values (296, 4);
insert into FoodForAll.AllergyIngredient (ingredientId, allergyId) values (297, 4);
insert into FoodForAll.AllergyIngredient (ingredientId, allergyId) values (298, 4);
insert into FoodForAll.AllergyIngredient (ingredientId, allergyId) values (299, 4);
insert into FoodForAll.AllergyIngredient (ingredientId, allergyId) values (300, 4);
insert into FoodForAll.AllergyIngredient (ingredientId, allergyId) values (301, 4);
insert into FoodForAll.AllergyIngredient (ingredientId, allergyId) values (302, 4);
insert into FoodForAll.AllergyIngredient (ingredientId, allergyId) values (303, 4);
insert into FoodForAll.AllergyIngredient (ingredientId, allergyId) values (304, 4);
insert into FoodForAll.AllergyIngredient (ingredientId, allergyId) values (305, 4);
insert into FoodForAll.AllergyIngredient (ingredientId, allergyId) values (306, 4);

insert into FoodForAll.IntoleranceIngredient (ingredientId, IntoleranceId) values (240, 4);
insert into FoodForAll.IntoleranceIngredient (ingredientId, IntoleranceId) values (241, 4);
insert into FoodForAll.IntoleranceIngredient (ingredientId, IntoleranceId) values (242, 4);
insert into FoodForAll.IntoleranceIngredient (ingredientId, IntoleranceId) values (243, 4);
insert into FoodForAll.IntoleranceIngredient (ingredientId, IntoleranceId) values (244, 4);
insert into FoodForAll.IntoleranceIngredient (ingredientId, IntoleranceId) values (245, 4);
insert into FoodForAll.IntoleranceIngredient (ingredientId, IntoleranceId) values (246, 4);
insert into FoodForAll.IntoleranceIngredient (ingredientId, IntoleranceId) values (247, 4);
insert into FoodForAll.IntoleranceIngredient (ingredientId, IntoleranceId) values (248, 4);
insert into FoodForAll.IntoleranceIngredient (ingredientId, IntoleranceId) values (249, 4);
insert into FoodForAll.IntoleranceIngredient (ingredientId, IntoleranceId) values (250, 4);
insert into FoodForAll.IntoleranceIngredient (ingredientId, IntoleranceId) values (251, 4);
insert into FoodForAll.IntoleranceIngredient (ingredientId, IntoleranceId) values (252, 4);
insert into FoodForAll.IntoleranceIngredient (ingredientId, IntoleranceId) values (253, 4);
insert into FoodForAll.IntoleranceIngredient (ingredientId, IntoleranceId) values (254, 4);
insert into FoodForAll.IntoleranceIngredient (ingredientId, IntoleranceId) values (255, 4);
insert into FoodForAll.IntoleranceIngredient (ingredientId, IntoleranceId) values (256, 4);
insert into FoodForAll.IntoleranceIngredient (ingredientId, IntoleranceId) values (257, 4);
insert into FoodForAll.IntoleranceIngredient (ingredientId, IntoleranceId) values (258, 4);
insert into FoodForAll.IntoleranceIngredient (ingredientId, IntoleranceId) values (259, 4);
insert into FoodForAll.IntoleranceIngredient (ingredientId, IntoleranceId) values (260, 4);
insert into FoodForAll.IntoleranceIngredient (ingredientId, IntoleranceId) values (261, 4);
insert into FoodForAll.IntoleranceIngredient (ingredientId, IntoleranceId) values (262, 4);
insert into FoodForAll.IntoleranceIngredient (ingredientId, IntoleranceId) values (263, 4);
insert into FoodForAll.IntoleranceIngredient (ingredientId, IntoleranceId) values (264, 4);
insert into FoodForAll.IntoleranceIngredient (ingredientId, IntoleranceId) values (265, 4);
insert into FoodForAll.IntoleranceIngredient (ingredientId, IntoleranceId) values (266, 4);
insert into FoodForAll.IntoleranceIngredient (ingredientId, IntoleranceId) values (267, 4);
insert into FoodForAll.IntoleranceIngredient (ingredientId, IntoleranceId) values (268, 4);
insert into FoodForAll.IntoleranceIngredient (ingredientId, IntoleranceId) values (269, 4);
insert into FoodForAll.IntoleranceIngredient (ingredientId, IntoleranceId) values (270, 4);
insert into FoodForAll.IntoleranceIngredient (ingredientId, IntoleranceId) values (271, 4);
insert into FoodForAll.IntoleranceIngredient (ingredientId, IntoleranceId) values (272, 4);
insert into FoodForAll.IntoleranceIngredient (ingredientId, IntoleranceId) values (273, 4);
insert into FoodForAll.IntoleranceIngredient (ingredientId, IntoleranceId) values (274, 4);
insert into FoodForAll.IntoleranceIngredient (ingredientId, IntoleranceId) values (275, 4);
insert into FoodForAll.IntoleranceIngredient (ingredientId, IntoleranceId) values (276, 4);
insert into FoodForAll.IntoleranceIngredient (ingredientId, IntoleranceId) values (277, 4);
insert into FoodForAll.IntoleranceIngredient (ingredientId, IntoleranceId) values (278, 4);
insert into FoodForAll.IntoleranceIngredient (ingredientId, IntoleranceId) values (279, 4);
insert into FoodForAll.IntoleranceIngredient (ingredientId, IntoleranceId) values (280, 4);
insert into FoodForAll.IntoleranceIngredient (ingredientId, IntoleranceId) values (281, 4);
insert into FoodForAll.IntoleranceIngredient (ingredientId, IntoleranceId) values (282, 4);
insert into FoodForAll.IntoleranceIngredient (ingredientId, IntoleranceId) values (283, 4);
insert into FoodForAll.IntoleranceIngredient (ingredientId, IntoleranceId) values (284, 4);
insert into FoodForAll.IntoleranceIngredient (ingredientId, IntoleranceId) values (285, 4);
insert into FoodForAll.IntoleranceIngredient (ingredientId, IntoleranceId) values (286, 4);
insert into FoodForAll.IntoleranceIngredient (ingredientId, IntoleranceId) values (287, 4);
insert into FoodForAll.IntoleranceIngredient (ingredientId, IntoleranceId) values (288, 4);
insert into FoodForAll.IntoleranceIngredient (ingredientId, IntoleranceId) values (289, 4);
insert into FoodForAll.IntoleranceIngredient (ingredientId, IntoleranceId) values (290, 4);
insert into FoodForAll.IntoleranceIngredient (ingredientId, IntoleranceId) values (291, 4);
insert into FoodForAll.IntoleranceIngredient (ingredientId, IntoleranceId) values (292, 4);
insert into FoodForAll.IntoleranceIngredient (ingredientId, IntoleranceId) values (293, 4);
insert into FoodForAll.IntoleranceIngredient (ingredientId, IntoleranceId) values (294, 4);
insert into FoodForAll.IntoleranceIngredient (ingredientId, IntoleranceId) values (295, 4);
insert into FoodForAll.IntoleranceIngredient (ingredientId, IntoleranceId) values (296, 4);
insert into FoodForAll.IntoleranceIngredient (ingredientId, IntoleranceId) values (297, 4);
insert into FoodForAll.IntoleranceIngredient (ingredientId, IntoleranceId) values (298, 4);
insert into FoodForAll.IntoleranceIngredient (ingredientId, IntoleranceId) values (299, 4);
insert into FoodForAll.IntoleranceIngredient (ingredientId, IntoleranceId) values (300, 4);
insert into FoodForAll.IntoleranceIngredient (ingredientId, IntoleranceId) values (301, 4);
insert into FoodForAll.IntoleranceIngredient (ingredientId, IntoleranceId) values (302, 4);
insert into FoodForAll.IntoleranceIngredient (ingredientId, IntoleranceId) values (303, 4);
insert into FoodForAll.IntoleranceIngredient (ingredientId, IntoleranceId) values (304, 4);
insert into FoodForAll.IntoleranceIngredient (ingredientId, IntoleranceId) values (305, 4);
insert into FoodForAll.IntoleranceIngredient (ingredientId, IntoleranceId) values (306, 4);

-- soy allergies 307-355
INSERT INTO foodforall.ingredient(name) VALUES ('artificial flavoring');
INSERT INTO foodforall.ingredient(name) VALUES ('bean curd');
INSERT INTO foodforall.ingredient(name) VALUES ('edamame');
INSERT INTO foodforall.ingredient(name) VALUES ('hydrolyzed');
INSERT INTO foodforall.ingredient(name) VALUES ('hydrolyzed soy protein');
INSERT INTO foodforall.ingredient(name) VALUES ('kinako');
INSERT INTO foodforall.ingredient(name) VALUES ('koya dofu');
INSERT INTO foodforall.ingredient(name) VALUES ('lecithin');
INSERT INTO foodforall.ingredient(name) VALUES ('miso');
INSERT INTO foodforall.ingredient(name) VALUES ('natto');
INSERT INTO foodforall.ingredient(name) VALUES ('natural flavoring');
INSERT INTO foodforall.ingredient(name) VALUES ('okara');
INSERT INTO foodforall.ingredient(name) VALUES ('shoyu');
INSERT INTO foodforall.ingredient(name) VALUES ('soy albumin');
INSERT INTO foodforall.ingredient(name) VALUES ('soy concentrate');
INSERT INTO foodforall.ingredient(name) VALUES ('soy fiber');
INSERT INTO foodforall.ingredient(name) VALUES ('soy formula');
INSERT INTO foodforall.ingredient(name) VALUES ('soy grits');
INSERT INTO foodforall.ingredient(name) VALUES ('soy lecithin**');
INSERT INTO foodforall.ingredient(name) VALUES ('soy milk');
INSERT INTO foodforall.ingredient(name) VALUES ('soy miso');
INSERT INTO foodforall.ingredient(name) VALUES ('soy nut butter');
INSERT INTO foodforall.ingredient(name) VALUES ('soy nuts');
INSERT INTO foodforall.ingredient(name) VALUES ('soy protein, soy protein concentrate, soy protein isolate');
INSERT INTO foodforall.ingredient(name) VALUES ('soy sauce');
INSERT INTO foodforall.ingredient(name) VALUES ('soy sprouts');
INSERT INTO foodforall.ingredient(name) VALUES ('soya');
INSERT INTO foodforall.ingredient(name) VALUES ('soya flour');
INSERT INTO foodforall.ingredient(name) VALUES ('soybean curd');
INSERT INTO foodforall.ingredient(name) VALUES ('soybean flour');
INSERT INTO foodforall.ingredient(name) VALUES ('soybean granules');
INSERT INTO foodforall.ingredient(name) VALUES ('soybean paste');
INSERT INTO foodforall.ingredient(name) VALUES ('soybeans');
INSERT INTO foodforall.ingredient(name) VALUES ('supro');
INSERT INTO foodforall.ingredient(name) VALUES ('tamari');
INSERT INTO foodforall.ingredient(name) VALUES ('tempeh');
INSERT INTO foodforall.ingredient(name) VALUES ('teriyaki sauce');
INSERT INTO foodforall.ingredient(name) VALUES ('textured soy flour');
INSERT INTO foodforall.ingredient(name) VALUES ('textured soy protein');
INSERT INTO foodforall.ingredient(name) VALUES ('textured vegetable protein');
INSERT INTO foodforall.ingredient(name) VALUES ('tofu');
INSERT INTO foodforall.ingredient(name) VALUES ('tsf');
INSERT INTO foodforall.ingredient(name) VALUES ('tsp');
INSERT INTO foodforall.ingredient(name) VALUES ('tvp');
INSERT INTO foodforall.ingredient(name) VALUES ('vegetable broth');
INSERT INTO foodforall.ingredient(name) VALUES ('vegetable gum');
INSERT INTO foodforall.ingredient(name) VALUES ('vegetable starch');
INSERT INTO foodforall.ingredient(name) VALUES ('yaki-dofu');
INSERT INTO foodforall.ingredient(name) VALUES ('yuba');


insert into FoodForAll.AllergyIngredient (ingredientId, allergyId) values (307, 5);
insert into FoodForAll.AllergyIngredient (ingredientId, allergyId) values (308, 5);
insert into FoodForAll.AllergyIngredient (ingredientId, allergyId) values (309, 5);
insert into FoodForAll.AllergyIngredient (ingredientId, allergyId) values (310, 5);
insert into FoodForAll.AllergyIngredient (ingredientId, allergyId) values (311, 5);
insert into FoodForAll.AllergyIngredient (ingredientId, allergyId) values (312, 5);
insert into FoodForAll.AllergyIngredient (ingredientId, allergyId) values (313, 5);
insert into FoodForAll.AllergyIngredient (ingredientId, allergyId) values (314, 5);
insert into FoodForAll.AllergyIngredient (ingredientId, allergyId) values (315, 5);
insert into FoodForAll.AllergyIngredient (ingredientId, allergyId) values (316, 5);
insert into FoodForAll.AllergyIngredient (ingredientId, allergyId) values (317, 5);
insert into FoodForAll.AllergyIngredient (ingredientId, allergyId) values (318, 5);
insert into FoodForAll.AllergyIngredient (ingredientId, allergyId) values (319, 5);
insert into FoodForAll.AllergyIngredient (ingredientId, allergyId) values (320, 5);
insert into FoodForAll.AllergyIngredient (ingredientId, allergyId) values (321, 5);
insert into FoodForAll.AllergyIngredient (ingredientId, allergyId) values (322, 5);
insert into FoodForAll.AllergyIngredient (ingredientId, allergyId) values (323, 5);
insert into FoodForAll.AllergyIngredient (ingredientId, allergyId) values (324, 5);
insert into FoodForAll.AllergyIngredient (ingredientId, allergyId) values (325, 5);
insert into FoodForAll.AllergyIngredient (ingredientId, allergyId) values (326, 5);
insert into FoodForAll.AllergyIngredient (ingredientId, allergyId) values (327, 5);
insert into FoodForAll.AllergyIngredient (ingredientId, allergyId) values (328, 5);
insert into FoodForAll.AllergyIngredient (ingredientId, allergyId) values (329, 5);
insert into FoodForAll.AllergyIngredient (ingredientId, allergyId) values (330, 5);
insert into FoodForAll.AllergyIngredient (ingredientId, allergyId) values (331, 5);
insert into FoodForAll.AllergyIngredient (ingredientId, allergyId) values (332, 5);
insert into FoodForAll.AllergyIngredient (ingredientId, allergyId) values (333, 5);
insert into FoodForAll.AllergyIngredient (ingredientId, allergyId) values (334, 5);
insert into FoodForAll.AllergyIngredient (ingredientId, allergyId) values (335, 5);
insert into FoodForAll.AllergyIngredient (ingredientId, allergyId) values (336, 5);
insert into FoodForAll.AllergyIngredient (ingredientId, allergyId) values (337, 5);
insert into FoodForAll.AllergyIngredient (ingredientId, allergyId) values (338, 5);
insert into FoodForAll.AllergyIngredient (ingredientId, allergyId) values (339, 5);
insert into FoodForAll.AllergyIngredient (ingredientId, allergyId) values (340, 5);
insert into FoodForAll.AllergyIngredient (ingredientId, allergyId) values (341, 5);
insert into FoodForAll.AllergyIngredient (ingredientId, allergyId) values (342, 5);
insert into FoodForAll.AllergyIngredient (ingredientId, allergyId) values (343, 5);
insert into FoodForAll.AllergyIngredient (ingredientId, allergyId) values (344, 5);
insert into FoodForAll.AllergyIngredient (ingredientId, allergyId) values (345, 5);
insert into FoodForAll.AllergyIngredient (ingredientId, allergyId) values (346, 5);
insert into FoodForAll.AllergyIngredient (ingredientId, allergyId) values (347, 5);
insert into FoodForAll.AllergyIngredient (ingredientId, allergyId) values (348, 5);
insert into FoodForAll.AllergyIngredient (ingredientId, allergyId) values (349, 5);
insert into FoodForAll.AllergyIngredient (ingredientId, allergyId) values (350, 5);
insert into FoodForAll.AllergyIngredient (ingredientId, allergyId) values (351, 5);
insert into FoodForAll.AllergyIngredient (ingredientId, allergyId) values (352, 5);
insert into FoodForAll.AllergyIngredient (ingredientId, allergyId) values (353, 5);
insert into FoodForAll.AllergyIngredient (ingredientId, allergyId) values (354, 5);
insert into FoodForAll.AllergyIngredient (ingredientId, allergyId) values (355, 5);

insert into FoodForAll.IntoleranceIngredient (ingredientId, IntoleranceId) values (307, 7);
insert into FoodForAll.IntoleranceIngredient (ingredientId, IntoleranceId) values (308, 7);
insert into FoodForAll.IntoleranceIngredient (ingredientId, IntoleranceId) values (309, 7);
insert into FoodForAll.IntoleranceIngredient (ingredientId, IntoleranceId) values (310, 7);
insert into FoodForAll.IntoleranceIngredient (ingredientId, IntoleranceId) values (311, 7);
insert into FoodForAll.IntoleranceIngredient (ingredientId, IntoleranceId) values (312, 7);
insert into FoodForAll.IntoleranceIngredient (ingredientId, IntoleranceId) values (313, 7);
insert into FoodForAll.IntoleranceIngredient (ingredientId, IntoleranceId) values (314, 7);
insert into FoodForAll.IntoleranceIngredient (ingredientId, IntoleranceId) values (315, 7);
insert into FoodForAll.IntoleranceIngredient (ingredientId, IntoleranceId) values (316, 7);
insert into FoodForAll.IntoleranceIngredient (ingredientId, IntoleranceId) values (317, 7);
insert into FoodForAll.IntoleranceIngredient (ingredientId, IntoleranceId) values (318, 7);
insert into FoodForAll.IntoleranceIngredient (ingredientId, IntoleranceId) values (319, 7);
insert into FoodForAll.IntoleranceIngredient (ingredientId, IntoleranceId) values (320, 7);
insert into FoodForAll.IntoleranceIngredient (ingredientId, IntoleranceId) values (321, 7);
insert into FoodForAll.IntoleranceIngredient (ingredientId, IntoleranceId) values (322, 7);
insert into FoodForAll.IntoleranceIngredient (ingredientId, IntoleranceId) values (323, 7);
insert into FoodForAll.IntoleranceIngredient (ingredientId, IntoleranceId) values (324, 7);
insert into FoodForAll.IntoleranceIngredient (ingredientId, IntoleranceId) values (325, 7);
insert into FoodForAll.IntoleranceIngredient (ingredientId, IntoleranceId) values (326, 7);
insert into FoodForAll.IntoleranceIngredient (ingredientId, IntoleranceId) values (327, 7);
insert into FoodForAll.IntoleranceIngredient (ingredientId, IntoleranceId) values (328, 7);
insert into FoodForAll.IntoleranceIngredient (ingredientId, IntoleranceId) values (329, 7);
insert into FoodForAll.IntoleranceIngredient (ingredientId, IntoleranceId) values (330, 7);
insert into FoodForAll.IntoleranceIngredient (ingredientId, IntoleranceId) values (331, 7);
insert into FoodForAll.IntoleranceIngredient (ingredientId, IntoleranceId) values (332, 7);
insert into FoodForAll.IntoleranceIngredient (ingredientId, IntoleranceId) values (333, 7);
insert into FoodForAll.IntoleranceIngredient (ingredientId, IntoleranceId) values (334, 7);
insert into FoodForAll.IntoleranceIngredient (ingredientId, IntoleranceId) values (335, 7);
insert into FoodForAll.IntoleranceIngredient (ingredientId, IntoleranceId) values (336, 7);
insert into FoodForAll.IntoleranceIngredient (ingredientId, IntoleranceId) values (337, 7);
insert into FoodForAll.IntoleranceIngredient (ingredientId, IntoleranceId) values (338, 7);
insert into FoodForAll.IntoleranceIngredient (ingredientId, IntoleranceId) values (339, 7);
insert into FoodForAll.IntoleranceIngredient (ingredientId, IntoleranceId) values (340, 7);
insert into FoodForAll.IntoleranceIngredient (ingredientId, IntoleranceId) values (341, 7);
insert into FoodForAll.IntoleranceIngredient (ingredientId, IntoleranceId) values (342, 7);
insert into FoodForAll.IntoleranceIngredient (ingredientId, IntoleranceId) values (343, 7);
insert into FoodForAll.IntoleranceIngredient (ingredientId, IntoleranceId) values (344, 7);
insert into FoodForAll.IntoleranceIngredient (ingredientId, IntoleranceId) values (345, 7);
insert into FoodForAll.IntoleranceIngredient (ingredientId, IntoleranceId) values (346, 7);
insert into FoodForAll.IntoleranceIngredient (ingredientId, IntoleranceId) values (347, 7);
insert into FoodForAll.IntoleranceIngredient (ingredientId, IntoleranceId) values (348, 7);
insert into FoodForAll.IntoleranceIngredient (ingredientId, IntoleranceId) values (349, 7);
insert into FoodForAll.IntoleranceIngredient (ingredientId, IntoleranceId) values (350, 7);
insert into FoodForAll.IntoleranceIngredient (ingredientId, IntoleranceId) values (351, 7);
insert into FoodForAll.IntoleranceIngredient (ingredientId, IntoleranceId) values (352, 7);
insert into FoodForAll.IntoleranceIngredient (ingredientId, IntoleranceId) values (353, 7);
insert into FoodForAll.IntoleranceIngredient (ingredientId, IntoleranceId) values (354, 7);
insert into FoodForAll.IntoleranceIngredient (ingredientId, IntoleranceId) values (355, 7);

-- fish allergy 356-385
INSERT INTO foodforall.ingredient(name) VALUES ('anchovy');
INSERT INTO foodforall.ingredient(name) VALUES ('bass');
INSERT INTO foodforall.ingredient(name) VALUES ('bouillabaisse');
INSERT INTO foodforall.ingredient(name) VALUES ('caesar dressing');
INSERT INTO foodforall.ingredient(name) VALUES ('caesar salad');
INSERT INTO foodforall.ingredient(name) VALUES ('catfish');
INSERT INTO foodforall.ingredient(name) VALUES ('cod');
INSERT INTO foodforall.ingredient(name) VALUES ('fish stock');
INSERT INTO foodforall.ingredient(name) VALUES ('flounder');
INSERT INTO foodforall.ingredient(name) VALUES ('grouper');
INSERT INTO foodforall.ingredient(name) VALUES ('haddock');
INSERT INTO foodforall.ingredient(name) VALUES ('hake');
INSERT INTO foodforall.ingredient(name) VALUES ('halibut');
INSERT INTO foodforall.ingredient(name) VALUES ('herring');
INSERT INTO foodforall.ingredient(name) VALUES ('imitation crab');
INSERT INTO foodforall.ingredient(name) VALUES ('mahi mahi');
INSERT INTO foodforall.ingredient(name) VALUES ('perch');
INSERT INTO foodforall.ingredient(name) VALUES ('pike');
INSERT INTO foodforall.ingredient(name) VALUES ('pollock');
INSERT INTO foodforall.ingredient(name) VALUES ('salmon');
INSERT INTO foodforall.ingredient(name) VALUES ('sardine');
INSERT INTO foodforall.ingredient(name) VALUES ('seafood flavorings');
INSERT INTO foodforall.ingredient(name) VALUES ('snapper');
INSERT INTO foodforall.ingredient(name) VALUES ('sole');
INSERT INTO foodforall.ingredient(name) VALUES ('swordfish');
INSERT INTO foodforall.ingredient(name) VALUES ('tilapia');
INSERT INTO foodforall.ingredient(name) VALUES ('trout');
INSERT INTO foodforall.ingredient(name) VALUES ('tuna');
INSERT INTO foodforall.ingredient(name) VALUES ('walleye');
INSERT INTO foodforall.ingredient(name) VALUES ('worcestershire sauce');

insert into FoodForAll.AllergyIngredient (ingredientId, allergyId) values (356, 6);
insert into FoodForAll.AllergyIngredient (ingredientId, allergyId) values (357, 6);
insert into FoodForAll.AllergyIngredient (ingredientId, allergyId) values (358, 6);
insert into FoodForAll.AllergyIngredient (ingredientId, allergyId) values (359, 6);
insert into FoodForAll.AllergyIngredient (ingredientId, allergyId) values (360, 6);
insert into FoodForAll.AllergyIngredient (ingredientId, allergyId) values (361, 6);
insert into FoodForAll.AllergyIngredient (ingredientId, allergyId) values (362, 6);
insert into FoodForAll.AllergyIngredient (ingredientId, allergyId) values (363, 6);
insert into FoodForAll.AllergyIngredient (ingredientId, allergyId) values (364, 6);
insert into FoodForAll.AllergyIngredient (ingredientId, allergyId) values (365, 6);
insert into FoodForAll.AllergyIngredient (ingredientId, allergyId) values (366, 6);
insert into FoodForAll.AllergyIngredient (ingredientId, allergyId) values (367, 6);
insert into FoodForAll.AllergyIngredient (ingredientId, allergyId) values (368, 6);
insert into FoodForAll.AllergyIngredient (ingredientId, allergyId) values (369, 6);
insert into FoodForAll.AllergyIngredient (ingredientId, allergyId) values (370, 6);
insert into FoodForAll.AllergyIngredient (ingredientId, allergyId) values (371, 6);
insert into FoodForAll.AllergyIngredient (ingredientId, allergyId) values (372, 6);
insert into FoodForAll.AllergyIngredient (ingredientId, allergyId) values (373, 6);
insert into FoodForAll.AllergyIngredient (ingredientId, allergyId) values (374, 6);
insert into FoodForAll.AllergyIngredient (ingredientId, allergyId) values (375, 6);
insert into FoodForAll.AllergyIngredient (ingredientId, allergyId) values (376, 6);
insert into FoodForAll.AllergyIngredient (ingredientId, allergyId) values (377, 6);
insert into FoodForAll.AllergyIngredient (ingredientId, allergyId) values (378, 6);
insert into FoodForAll.AllergyIngredient (ingredientId, allergyId) values (379, 6);
insert into FoodForAll.AllergyIngredient (ingredientId, allergyId) values (380, 6);
insert into FoodForAll.AllergyIngredient (ingredientId, allergyId) values (381, 6);
insert into FoodForAll.AllergyIngredient (ingredientId, allergyId) values (382, 6);
insert into FoodForAll.AllergyIngredient (ingredientId, allergyId) values (383, 6);
insert into FoodForAll.AllergyIngredient (ingredientId, allergyId) values (384, 6);
insert into FoodForAll.AllergyIngredient (ingredientId, allergyId) values (385, 6);

insert into FoodForAll.foodAversionIngredient (ingredientId, foodAversionId) values (356, 8);
insert into FoodForAll.foodAversionIngredient (ingredientId, foodAversionId) values (357, 8);
insert into FoodForAll.foodAversionIngredient (ingredientId, foodAversionId) values (358, 8);
insert into FoodForAll.foodAversionIngredient (ingredientId, foodAversionId) values (359, 8);
insert into FoodForAll.foodAversionIngredient (ingredientId, foodAversionId) values (360, 8);
insert into FoodForAll.foodAversionIngredient (ingredientId, foodAversionId) values (361, 8);
insert into FoodForAll.foodAversionIngredient (ingredientId, foodAversionId) values (362, 8);
insert into FoodForAll.foodAversionIngredient (ingredientId, foodAversionId) values (363, 8);
insert into FoodForAll.foodAversionIngredient (ingredientId, foodAversionId) values (364, 8);
insert into FoodForAll.foodAversionIngredient (ingredientId, foodAversionId) values (365, 8);
insert into FoodForAll.foodAversionIngredient (ingredientId, foodAversionId) values (366, 8);
insert into FoodForAll.foodAversionIngredient (ingredientId, foodAversionId) values (367, 8);
insert into FoodForAll.foodAversionIngredient (ingredientId, foodAversionId) values (368, 8);
insert into FoodForAll.foodAversionIngredient (ingredientId, foodAversionId) values (369, 8);
insert into FoodForAll.foodAversionIngredient (ingredientId, foodAversionId) values (370, 8);
insert into FoodForAll.foodAversionIngredient (ingredientId, foodAversionId) values (371, 8);
insert into FoodForAll.foodAversionIngredient (ingredientId, foodAversionId) values (372, 8);
insert into FoodForAll.foodAversionIngredient (ingredientId, foodAversionId) values (373, 8);
insert into FoodForAll.foodAversionIngredient (ingredientId, foodAversionId) values (374, 8);
insert into FoodForAll.foodAversionIngredient (ingredientId, foodAversionId) values (375, 8);
insert into FoodForAll.foodAversionIngredient (ingredientId, foodAversionId) values (376, 8);
insert into FoodForAll.foodAversionIngredient (ingredientId, foodAversionId) values (377, 8);
insert into FoodForAll.foodAversionIngredient (ingredientId, foodAversionId) values (378, 8);
insert into FoodForAll.foodAversionIngredient (ingredientId, foodAversionId) values (379, 8);
insert into FoodForAll.foodAversionIngredient (ingredientId, foodAversionId) values (380, 8);
insert into FoodForAll.foodAversionIngredient (ingredientId, foodAversionId) values (381, 8);
insert into FoodForAll.foodAversionIngredient (ingredientId, foodAversionId) values (382, 8);
insert into FoodForAll.foodAversionIngredient (ingredientId, foodAversionId) values (383, 8);
insert into FoodForAll.foodAversionIngredient (ingredientId, foodAversionId) values (384, 8);
insert into FoodForAll.foodAversionIngredient (ingredientId, foodAversionId) values (385, 8);

insert into FoodForAll.foodAversionIngredient (ingredientId, foodAversionId) values (356, 3);
insert into FoodForAll.foodAversionIngredient (ingredientId, foodAversionId) values (357, 3);
insert into FoodForAll.foodAversionIngredient (ingredientId, foodAversionId) values (358, 3);
insert into FoodForAll.foodAversionIngredient (ingredientId, foodAversionId) values (359, 3);
insert into FoodForAll.foodAversionIngredient (ingredientId, foodAversionId) values (360, 3);
insert into FoodForAll.foodAversionIngredient (ingredientId, foodAversionId) values (361, 3);
insert into FoodForAll.foodAversionIngredient (ingredientId, foodAversionId) values (362, 3);
insert into FoodForAll.foodAversionIngredient (ingredientId, foodAversionId) values (363, 3);
insert into FoodForAll.foodAversionIngredient (ingredientId, foodAversionId) values (364, 3);
insert into FoodForAll.foodAversionIngredient (ingredientId, foodAversionId) values (365, 3);
insert into FoodForAll.foodAversionIngredient (ingredientId, foodAversionId) values (366, 3);
insert into FoodForAll.foodAversionIngredient (ingredientId, foodAversionId) values (367, 3);
insert into FoodForAll.foodAversionIngredient (ingredientId, foodAversionId) values (368, 3);
insert into FoodForAll.foodAversionIngredient (ingredientId, foodAversionId) values (369, 3);
insert into FoodForAll.foodAversionIngredient (ingredientId, foodAversionId) values (370, 3);
insert into FoodForAll.foodAversionIngredient (ingredientId, foodAversionId) values (371, 3);
insert into FoodForAll.foodAversionIngredient (ingredientId, foodAversionId) values (372, 3);
insert into FoodForAll.foodAversionIngredient (ingredientId, foodAversionId) values (373, 3);
insert into FoodForAll.foodAversionIngredient (ingredientId, foodAversionId) values (374, 3);
insert into FoodForAll.foodAversionIngredient (ingredientId, foodAversionId) values (375, 3);
insert into FoodForAll.foodAversionIngredient (ingredientId, foodAversionId) values (376, 3);
insert into FoodForAll.foodAversionIngredient (ingredientId, foodAversionId) values (377, 3);
insert into FoodForAll.foodAversionIngredient (ingredientId, foodAversionId) values (378, 3);
insert into FoodForAll.foodAversionIngredient (ingredientId, foodAversionId) values (379, 3);
insert into FoodForAll.foodAversionIngredient (ingredientId, foodAversionId) values (380, 3);
insert into FoodForAll.foodAversionIngredient (ingredientId, foodAversionId) values (381, 3);
insert into FoodForAll.foodAversionIngredient (ingredientId, foodAversionId) values (382, 3);
insert into FoodForAll.foodAversionIngredient (ingredientId, foodAversionId) values (383, 3);
insert into FoodForAll.foodAversionIngredient (ingredientId, foodAversionId) values (384, 3);
insert into FoodForAll.foodAversionIngredient (ingredientId, foodAversionId) values (385, 3);

-- shellfish Allergy items 386-423
INSERT INTO foodforall.ingredient(name) VALUES ('barnacle');
INSERT INTO foodforall.ingredient(name) VALUES ('crab');
INSERT INTO foodforall.ingredient(name) VALUES ('crayfish');
INSERT INTO foodforall.ingredient(name) VALUES ('ecrevisse');
INSERT INTO foodforall.ingredient(name) VALUES ('crawfish');
INSERT INTO foodforall.ingredient(name) VALUES ('krill');
INSERT INTO foodforall.ingredient(name) VALUES ('langouste');
INSERT INTO foodforall.ingredient(name) VALUES ('langousine');
INSERT INTO foodforall.ingredient(name) VALUES ('scampi');
INSERT INTO foodforall.ingredient(name) VALUES ('coral');
INSERT INTO foodforall.ingredient(name) VALUES ('tomalley');
INSERT INTO foodforall.ingredient(name) VALUES ('lobster');
INSERT INTO foodforall.ingredient(name) VALUES ('prawns');
INSERT INTO foodforall.ingredient(name) VALUES ('crevette');
INSERT INTO foodforall.ingredient(name) VALUES ('scampi');
INSERT INTO foodforall.ingredient(name) VALUES ('shrimp');
INSERT INTO foodforall.ingredient(name) VALUES ('mollusks');
INSERT INTO foodforall.ingredient(name) VALUES ('abalone');
INSERT INTO foodforall.ingredient(name) VALUES ('cherrystone');
INSERT INTO foodforall.ingredient(name) VALUES ('littleneck');
INSERT INTO foodforall.ingredient(name) VALUES ('pismo');
INSERT INTO foodforall.ingredient(name) VALUES ('quahog');
INSERT INTO foodforall.ingredient(name) VALUES ('periwinkle');
INSERT INTO foodforall.ingredient(name) VALUES ('urchin');
INSERT INTO foodforall.ingredient(name) VALUES ('clams');
INSERT INTO foodforall.ingredient(name) VALUES ('cockle');
INSERT INTO foodforall.ingredient(name) VALUES ('mollusks');
INSERT INTO foodforall.ingredient(name) VALUES ('mussels');
INSERT INTO foodforall.ingredient(name) VALUES ('octopus');
INSERT INTO foodforall.ingredient(name) VALUES ('oysters');
INSERT INTO foodforall.ingredient(name) VALUES ('scallops');
INSERT INTO foodforall.ingredient(name) VALUES ('escargot');
INSERT INTO foodforall.ingredient(name) VALUES ('calamari');
INSERT INTO foodforall.ingredient(name) VALUES ('snails');
INSERT INTO foodforall.ingredient(name) VALUES ('squid');
INSERT INTO foodforall.ingredient(name) VALUES ('bouillabaisse');
INSERT INTO foodforall.ingredient(name) VALUES ('fish stock');
INSERT INTO foodforall.ingredient(name) VALUES ('surimi');

insert into FoodForAll.AllergyIngredient (ingredientId, allergyId) values (386, 7);
insert into FoodForAll.AllergyIngredient (ingredientId, allergyId) values (387, 7);
insert into FoodForAll.AllergyIngredient (ingredientId, allergyId) values (388, 7);
insert into FoodForAll.AllergyIngredient (ingredientId, allergyId) values (389, 7);
insert into FoodForAll.AllergyIngredient (ingredientId, allergyId) values (390, 7);
insert into FoodForAll.AllergyIngredient (ingredientId, allergyId) values (391, 7);
insert into FoodForAll.AllergyIngredient (ingredientId, allergyId) values (392, 7);
insert into FoodForAll.AllergyIngredient (ingredientId, allergyId) values (393, 7);
insert into FoodForAll.AllergyIngredient (ingredientId, allergyId) values (394, 7);
insert into FoodForAll.AllergyIngredient (ingredientId, allergyId) values (395, 7);
insert into FoodForAll.AllergyIngredient (ingredientId, allergyId) values (396, 7);
insert into FoodForAll.AllergyIngredient (ingredientId, allergyId) values (397, 7);
insert into FoodForAll.AllergyIngredient (ingredientId, allergyId) values (398, 7);
insert into FoodForAll.AllergyIngredient (ingredientId, allergyId) values (399, 7);
insert into FoodForAll.AllergyIngredient (ingredientId, allergyId) values (400, 7);
insert into FoodForAll.AllergyIngredient (ingredientId, allergyId) values (401, 7);
insert into FoodForAll.AllergyIngredient (ingredientId, allergyId) values (402, 7);
insert into FoodForAll.AllergyIngredient (ingredientId, allergyId) values (403, 7);
insert into FoodForAll.AllergyIngredient (ingredientId, allergyId) values (404, 7);
insert into FoodForAll.AllergyIngredient (ingredientId, allergyId) values (405, 7);
insert into FoodForAll.AllergyIngredient (ingredientId, allergyId) values (406, 7);
insert into FoodForAll.AllergyIngredient (ingredientId, allergyId) values (407, 7);
insert into FoodForAll.AllergyIngredient (ingredientId, allergyId) values (408, 7);
insert into FoodForAll.AllergyIngredient (ingredientId, allergyId) values (409, 7);
insert into FoodForAll.AllergyIngredient (ingredientId, allergyId) values (410, 7);
insert into FoodForAll.AllergyIngredient (ingredientId, allergyId) values (411, 7);
insert into FoodForAll.AllergyIngredient (ingredientId, allergyId) values (412, 7);
insert into FoodForAll.AllergyIngredient (ingredientId, allergyId) values (413, 7);
insert into FoodForAll.AllergyIngredient (ingredientId, allergyId) values (414, 7);
insert into FoodForAll.AllergyIngredient (ingredientId, allergyId) values (415, 7);
insert into FoodForAll.AllergyIngredient (ingredientId, allergyId) values (416, 7);
insert into FoodForAll.AllergyIngredient (ingredientId, allergyId) values (417, 7);
insert into FoodForAll.AllergyIngredient (ingredientId, allergyId) values (418, 7);
insert into FoodForAll.AllergyIngredient (ingredientId, allergyId) values (419, 7);
insert into FoodForAll.AllergyIngredient (ingredientId, allergyId) values (420, 7);
insert into FoodForAll.AllergyIngredient (ingredientId, allergyId) values (421, 7);
insert into FoodForAll.AllergyIngredient (ingredientId, allergyId) values (422, 7);
insert into FoodForAll.AllergyIngredient (ingredientId, allergyId) values (423, 7);


insert into FoodForAll.IntoleranceIngredient (ingredientId, IntoleranceId) values (386, 6);
insert into FoodForAll.IntoleranceIngredient (ingredientId, IntoleranceId) values (387, 6);
insert into FoodForAll.IntoleranceIngredient (ingredientId, IntoleranceId) values (388, 6);
insert into FoodForAll.IntoleranceIngredient (ingredientId, IntoleranceId) values (389, 6);
insert into FoodForAll.IntoleranceIngredient (ingredientId, IntoleranceId) values (390, 6);
insert into FoodForAll.IntoleranceIngredient (ingredientId, IntoleranceId) values (391, 6);
insert into FoodForAll.IntoleranceIngredient (ingredientId, IntoleranceId) values (392, 6);
insert into FoodForAll.IntoleranceIngredient (ingredientId, IntoleranceId) values (393, 6);
insert into FoodForAll.IntoleranceIngredient (ingredientId, IntoleranceId) values (394, 6);
insert into FoodForAll.IntoleranceIngredient (ingredientId, IntoleranceId) values (395, 6);
insert into FoodForAll.IntoleranceIngredient (ingredientId, IntoleranceId) values (396, 6);
insert into FoodForAll.IntoleranceIngredient (ingredientId, IntoleranceId) values (397, 6);
insert into FoodForAll.IntoleranceIngredient (ingredientId, IntoleranceId) values (398, 6);
insert into FoodForAll.IntoleranceIngredient (ingredientId, IntoleranceId) values (399, 6);
insert into FoodForAll.IntoleranceIngredient (ingredientId, IntoleranceId) values (400, 6);
insert into FoodForAll.IntoleranceIngredient (ingredientId, IntoleranceId) values (401, 6);
insert into FoodForAll.IntoleranceIngredient (ingredientId, IntoleranceId) values (402, 6);
insert into FoodForAll.IntoleranceIngredient (ingredientId, IntoleranceId) values (403, 6);
insert into FoodForAll.IntoleranceIngredient (ingredientId, IntoleranceId) values (404, 6);
insert into FoodForAll.IntoleranceIngredient (ingredientId, IntoleranceId) values (405, 6);
insert into FoodForAll.IntoleranceIngredient (ingredientId, IntoleranceId) values (406, 6);
insert into FoodForAll.IntoleranceIngredient (ingredientId, IntoleranceId) values (407, 6);
insert into FoodForAll.IntoleranceIngredient (ingredientId, IntoleranceId) values (408, 6);
insert into FoodForAll.IntoleranceIngredient (ingredientId, IntoleranceId) values (409, 6);
insert into FoodForAll.IntoleranceIngredient (ingredientId, IntoleranceId) values (410, 6);
insert into FoodForAll.IntoleranceIngredient (ingredientId, IntoleranceId) values (411, 6);
insert into FoodForAll.IntoleranceIngredient (ingredientId, IntoleranceId) values (412, 6);
insert into FoodForAll.IntoleranceIngredient (ingredientId, IntoleranceId) values (413, 6);
insert into FoodForAll.IntoleranceIngredient (ingredientId, IntoleranceId) values (414, 6);
insert into FoodForAll.IntoleranceIngredient (ingredientId, IntoleranceId) values (415, 6);
insert into FoodForAll.IntoleranceIngredient (ingredientId, IntoleranceId) values (416, 6);
insert into FoodForAll.IntoleranceIngredient (ingredientId, IntoleranceId) values (417, 6);
insert into FoodForAll.IntoleranceIngredient (ingredientId, IntoleranceId) values (418, 6);
insert into FoodForAll.IntoleranceIngredient (ingredientId, IntoleranceId) values (419, 6);
insert into FoodForAll.IntoleranceIngredient (ingredientId, IntoleranceId) values (420, 6);
insert into FoodForAll.IntoleranceIngredient (ingredientId, IntoleranceId) values (421, 6);
insert into FoodForAll.IntoleranceIngredient (ingredientId, IntoleranceId) values (422, 6);
insert into FoodForAll.IntoleranceIngredient (ingredientId, IntoleranceId) values (423, 6);

insert into FoodForAll.foodAversionIngredient (ingredientId, foodAversionId) values (386, 3);
insert into FoodForAll.foodAversionIngredient (ingredientId, foodAversionId) values (387, 3);
insert into FoodForAll.foodAversionIngredient (ingredientId, foodAversionId) values (388, 3);
insert into FoodForAll.foodAversionIngredient (ingredientId, foodAversionId) values (389, 3);
insert into FoodForAll.foodAversionIngredient (ingredientId, foodAversionId) values (390, 3);
insert into FoodForAll.foodAversionIngredient (ingredientId, foodAversionId) values (391, 3);
insert into FoodForAll.foodAversionIngredient (ingredientId, foodAversionId) values (392, 3);
insert into FoodForAll.foodAversionIngredient (ingredientId, foodAversionId) values (393, 3);
insert into FoodForAll.foodAversionIngredient (ingredientId, foodAversionId) values (394, 3);
insert into FoodForAll.foodAversionIngredient (ingredientId, foodAversionId) values (395, 3);
insert into FoodForAll.foodAversionIngredient (ingredientId, foodAversionId) values (396, 3);
insert into FoodForAll.foodAversionIngredient (ingredientId, foodAversionId) values (397, 3);
insert into FoodForAll.foodAversionIngredient (ingredientId, foodAversionId) values (398, 3);
insert into FoodForAll.foodAversionIngredient (ingredientId, foodAversionId) values (399, 3);
insert into FoodForAll.foodAversionIngredient (ingredientId, foodAversionId) values (400, 3);
insert into FoodForAll.foodAversionIngredient (ingredientId, foodAversionId) values (401, 3);
insert into FoodForAll.foodAversionIngredient (ingredientId, foodAversionId) values (402, 3);
insert into FoodForAll.foodAversionIngredient (ingredientId, foodAversionId) values (403, 3);
insert into FoodForAll.foodAversionIngredient (ingredientId, foodAversionId) values (404, 3);
insert into FoodForAll.foodAversionIngredient (ingredientId, foodAversionId) values (405, 3);
insert into FoodForAll.foodAversionIngredient (ingredientId, foodAversionId) values (406, 3);
insert into FoodForAll.foodAversionIngredient (ingredientId, foodAversionId) values (407, 3);
insert into FoodForAll.foodAversionIngredient (ingredientId, foodAversionId) values (408, 3);
insert into FoodForAll.foodAversionIngredient (ingredientId, foodAversionId) values (409, 3);
insert into FoodForAll.foodAversionIngredient (ingredientId, foodAversionId) values (410, 3);
insert into FoodForAll.foodAversionIngredient (ingredientId, foodAversionId) values (411, 3);
insert into FoodForAll.foodAversionIngredient (ingredientId, foodAversionId) values (412, 3);
insert into FoodForAll.foodAversionIngredient (ingredientId, foodAversionId) values (413, 3);
insert into FoodForAll.foodAversionIngredient (ingredientId, foodAversionId) values (414, 3);
insert into FoodForAll.foodAversionIngredient (ingredientId, foodAversionId) values (415, 3);
insert into FoodForAll.foodAversionIngredient (ingredientId, foodAversionId) values (416, 3);
insert into FoodForAll.foodAversionIngredient (ingredientId, foodAversionId) values (417, 3);
insert into FoodForAll.foodAversionIngredient (ingredientId, foodAversionId) values (418, 3);
insert into FoodForAll.foodAversionIngredient (ingredientId, foodAversionId) values (419, 3);
insert into FoodForAll.foodAversionIngredient (ingredientId, foodAversionId) values (420, 3);
insert into FoodForAll.foodAversionIngredient (ingredientId, foodAversionId) values (421, 3);
insert into FoodForAll.foodAversionIngredient (ingredientId, foodAversionId) values (422, 3);
insert into FoodForAll.foodAversionIngredient (ingredientId, foodAversionId) values (423, 3);

insert into FoodForAll.foodAversionIngredient (ingredientId, foodAversionId) values (386, 8);
insert into FoodForAll.foodAversionIngredient (ingredientId, foodAversionId) values (387, 8);
insert into FoodForAll.foodAversionIngredient (ingredientId, foodAversionId) values (388, 8);
insert into FoodForAll.foodAversionIngredient (ingredientId, foodAversionId) values (389, 8);
insert into FoodForAll.foodAversionIngredient (ingredientId, foodAversionId) values (390, 8);
insert into FoodForAll.foodAversionIngredient (ingredientId, foodAversionId) values (391, 8);
insert into FoodForAll.foodAversionIngredient (ingredientId, foodAversionId) values (392, 8);
insert into FoodForAll.foodAversionIngredient (ingredientId, foodAversionId) values (393, 8);
insert into FoodForAll.foodAversionIngredient (ingredientId, foodAversionId) values (394, 8);
insert into FoodForAll.foodAversionIngredient (ingredientId, foodAversionId) values (395, 8);
insert into FoodForAll.foodAversionIngredient (ingredientId, foodAversionId) values (396, 8);
insert into FoodForAll.foodAversionIngredient (ingredientId, foodAversionId) values (397, 8);
insert into FoodForAll.foodAversionIngredient (ingredientId, foodAversionId) values (398, 8);
insert into FoodForAll.foodAversionIngredient (ingredientId, foodAversionId) values (399, 8);
insert into FoodForAll.foodAversionIngredient (ingredientId, foodAversionId) values (400, 8);
insert into FoodForAll.foodAversionIngredient (ingredientId, foodAversionId) values (401, 8);
insert into FoodForAll.foodAversionIngredient (ingredientId, foodAversionId) values (402, 8);
insert into FoodForAll.foodAversionIngredient (ingredientId, foodAversionId) values (403, 8);
insert into FoodForAll.foodAversionIngredient (ingredientId, foodAversionId) values (404, 8);
insert into FoodForAll.foodAversionIngredient (ingredientId, foodAversionId) values (405, 8);
insert into FoodForAll.foodAversionIngredient (ingredientId, foodAversionId) values (406, 8);
insert into FoodForAll.foodAversionIngredient (ingredientId, foodAversionId) values (407, 8);
insert into FoodForAll.foodAversionIngredient (ingredientId, foodAversionId) values (408, 8);
insert into FoodForAll.foodAversionIngredient (ingredientId, foodAversionId) values (409, 8);
insert into FoodForAll.foodAversionIngredient (ingredientId, foodAversionId) values (410, 8);
insert into FoodForAll.foodAversionIngredient (ingredientId, foodAversionId) values (411, 8);
insert into FoodForAll.foodAversionIngredient (ingredientId, foodAversionId) values (412, 8);
insert into FoodForAll.foodAversionIngredient (ingredientId, foodAversionId) values (413, 8);
insert into FoodForAll.foodAversionIngredient (ingredientId, foodAversionId) values (414, 8);
insert into FoodForAll.foodAversionIngredient (ingredientId, foodAversionId) values (415, 8);
insert into FoodForAll.foodAversionIngredient (ingredientId, foodAversionId) values (416, 8);
insert into FoodForAll.foodAversionIngredient (ingredientId, foodAversionId) values (417, 8);
insert into FoodForAll.foodAversionIngredient (ingredientId, foodAversionId) values (418, 8);
insert into FoodForAll.foodAversionIngredient (ingredientId, foodAversionId) values (419, 8);
insert into FoodForAll.foodAversionIngredient (ingredientId, foodAversionId) values (420, 8);
insert into FoodForAll.foodAversionIngredient (ingredientId, foodAversionId) values (421, 8);
insert into FoodForAll.foodAversionIngredient (ingredientId, foodAversionId) values (422, 8);
insert into FoodForAll.foodAversionIngredient (ingredientId, foodAversionId) values (423, 8);


-- 424-472 for sesame allergy
INSERT INTO foodforall.ingredient(name) VALUES ('benniseed');
INSERT INTO foodforall.ingredient(name) VALUES ('benne');
INSERT INTO foodforall.ingredient(name) VALUES ('gingelly oil');
INSERT INTO foodforall.ingredient(name) VALUES ('gingelly');
INSERT INTO foodforall.ingredient(name) VALUES ('sesame salt');
INSERT INTO foodforall.ingredient(name) VALUES ('gomasio');
INSERT INTO foodforall.ingredient(name) VALUES ('halvah');
INSERT INTO foodforall.ingredient(name) VALUES ('sesame flour');
INSERT INTO foodforall.ingredient(name) VALUES ('sesame oil');
INSERT INTO foodforall.ingredient(name) VALUES ('sesame paste');
INSERT INTO foodforall.ingredient(name) VALUES ('sesame salt');
INSERT INTO foodforall.ingredient(name) VALUES ('sesame seed');
INSERT INTO foodforall.ingredient(name) VALUES ('sesamol');
INSERT INTO foodforall.ingredient(name) VALUES ('sesamum indicum');
INSERT INTO foodforall.ingredient(name) VALUES ('sesemolina');
INSERT INTO foodforall.ingredient(name) VALUES ('tahina');
INSERT INTO foodforall.ingredient(name) VALUES ('sim sim');
INSERT INTO foodforall.ingredient(name) VALUES ('tehina');
INSERT INTO foodforall.ingredient(name) VALUES ('tahini');
INSERT INTO foodforall.ingredient(name) VALUES ('til');
INSERT INTO foodforall.ingredient(name) VALUES ('bagels');
INSERT INTO foodforall.ingredient(name) VALUES ('bread');
INSERT INTO foodforall.ingredient(name) VALUES ('buns');
INSERT INTO foodforall.ingredient(name) VALUES ('roll');
INSERT INTO foodforall.ingredient(name) VALUES ('bread crumbs');
INSERT INTO foodforall.ingredient(name) VALUES ('granola');
INSERT INTO foodforall.ingredient(name) VALUES ('muesli');
INSERT INTO foodforall.ingredient(name) VALUES ('tortilla chip');
INSERT INTO foodforall.ingredient(name) VALUES ('pita chip');
INSERT INTO foodforall.ingredient(name) VALUES ('melba');
INSERT INTO foodforall.ingredient(name) VALUES ('cracker');
INSERT INTO foodforall.ingredient(name) VALUES ('baba ghanoush');
INSERT INTO foodforall.ingredient(name) VALUES ('rice');
INSERT INTO foodforall.ingredient(name) VALUES ('tahini');
INSERT INTO foodforall.ingredient(name) VALUES ('falafel');
INSERT INTO foodforall.ingredient(name) VALUES ('hummus');
INSERT INTO foodforall.ingredient(name) VALUES ('noodles');
INSERT INTO foodforall.ingredient(name) VALUES ('risotto');
INSERT INTO foodforall.ingredient(name) VALUES ('stew');
INSERT INTO foodforall.ingredient(name) VALUES ('stir fry');
INSERT INTO foodforall.ingredient(name) VALUES ('shish kebab');
INSERT INTO foodforall.ingredient(name) VALUES ('goma-dofu');
INSERT INTO foodforall.ingredient(name) VALUES ('margarine');
INSERT INTO foodforall.ingredient(name) VALUES ('pasteli');
INSERT INTO foodforall.ingredient(name) VALUES ('rice cake');
INSERT INTO foodforall.ingredient(name) VALUES ('sushi');
INSERT INTO foodforall.ingredient(name) VALUES ('tempeh');
INSERT INTO foodforall.ingredient(name) VALUES ('turkish cake');
INSERT INTO foodforall.ingredient(name) VALUES ('vegetarian burgers');

insert into FoodForAll.AllergyIngredient (ingredientId, allergyId) values (424, 8);
insert into FoodForAll.AllergyIngredient (ingredientId, allergyId) values (425, 8);
insert into FoodForAll.AllergyIngredient (ingredientId, allergyId) values (426, 8);
insert into FoodForAll.AllergyIngredient (ingredientId, allergyId) values (427, 8);
insert into FoodForAll.AllergyIngredient (ingredientId, allergyId) values (428, 8);
insert into FoodForAll.AllergyIngredient (ingredientId, allergyId) values (429, 8);
insert into FoodForAll.AllergyIngredient (ingredientId, allergyId) values (430, 8);
insert into FoodForAll.AllergyIngredient (ingredientId, allergyId) values (431, 8);
insert into FoodForAll.AllergyIngredient (ingredientId, allergyId) values (432, 8);
insert into FoodForAll.AllergyIngredient (ingredientId, allergyId) values (433, 8);
insert into FoodForAll.AllergyIngredient (ingredientId, allergyId) values (434, 8);
insert into FoodForAll.AllergyIngredient (ingredientId, allergyId) values (435, 8);
insert into FoodForAll.AllergyIngredient (ingredientId, allergyId) values (436, 8);
insert into FoodForAll.AllergyIngredient (ingredientId, allergyId) values (437, 8);
insert into FoodForAll.AllergyIngredient (ingredientId, allergyId) values (438, 8);
insert into FoodForAll.AllergyIngredient (ingredientId, allergyId) values (439, 8);
insert into FoodForAll.AllergyIngredient (ingredientId, allergyId) values (440, 8);
insert into FoodForAll.AllergyIngredient (ingredientId, allergyId) values (441, 8);
insert into FoodForAll.AllergyIngredient (ingredientId, allergyId) values (442, 8);
insert into FoodForAll.AllergyIngredient (ingredientId, allergyId) values (443, 8);
insert into FoodForAll.AllergyIngredient (ingredientId, allergyId) values (444, 8);
insert into FoodForAll.AllergyIngredient (ingredientId, allergyId) values (445, 8);
insert into FoodForAll.AllergyIngredient (ingredientId, allergyId) values (446, 8);
insert into FoodForAll.AllergyIngredient (ingredientId, allergyId) values (447, 8);
insert into FoodForAll.AllergyIngredient (ingredientId, allergyId) values (448, 8);
insert into FoodForAll.AllergyIngredient (ingredientId, allergyId) values (449, 8);
insert into FoodForAll.AllergyIngredient (ingredientId, allergyId) values (450, 8);
insert into FoodForAll.AllergyIngredient (ingredientId, allergyId) values (451, 8);
insert into FoodForAll.AllergyIngredient (ingredientId, allergyId) values (452, 8);
insert into FoodForAll.AllergyIngredient (ingredientId, allergyId) values (453, 8);
insert into FoodForAll.AllergyIngredient (ingredientId, allergyId) values (454, 8);
insert into FoodForAll.AllergyIngredient (ingredientId, allergyId) values (455, 8);
insert into FoodForAll.AllergyIngredient (ingredientId, allergyId) values (456, 8);
insert into FoodForAll.AllergyIngredient (ingredientId, allergyId) values (457, 8);
insert into FoodForAll.AllergyIngredient (ingredientId, allergyId) values (458, 8);
insert into FoodForAll.AllergyIngredient (ingredientId, allergyId) values (459, 8);
insert into FoodForAll.AllergyIngredient (ingredientId, allergyId) values (460, 8);
insert into FoodForAll.AllergyIngredient (ingredientId, allergyId) values (461, 8);
insert into FoodForAll.AllergyIngredient (ingredientId, allergyId) values (462, 8);
insert into FoodForAll.AllergyIngredient (ingredientId, allergyId) values (463, 8);
insert into FoodForAll.AllergyIngredient (ingredientId, allergyId) values (464, 8);
insert into FoodForAll.AllergyIngredient (ingredientId, allergyId) values (465, 8);
insert into FoodForAll.AllergyIngredient (ingredientId, allergyId) values (466, 8);
insert into FoodForAll.AllergyIngredient (ingredientId, allergyId) values (467, 8);
insert into FoodForAll.AllergyIngredient (ingredientId, allergyId) values (468, 8);
insert into FoodForAll.AllergyIngredient (ingredientId, allergyId) values (469, 8);
insert into FoodForAll.AllergyIngredient (ingredientId, allergyId) values (470, 8);
insert into FoodForAll.AllergyIngredient (ingredientId, allergyId) values (471, 8);
insert into FoodForAll.AllergyIngredient (ingredientId, allergyId) values (472, 8);

-- egg allergies 473-503
INSERT INTO foodforall.ingredient(name) VALUES ('albumin');
INSERT INTO foodforall.ingredient(name) VALUES ('apovitellin');
INSERT INTO foodforall.ingredient(name) VALUES ('artificial flavoring');
INSERT INTO foodforall.ingredient(name) VALUES ('baked goods');
INSERT INTO foodforall.ingredient(name) VALUES ('egg wash');
INSERT INTO foodforall.ingredient(name) VALUES ('eggbeater');
INSERT INTO foodforall.ingredient(name) VALUES ('eggnog');
INSERT INTO foodforall.ingredient(name) VALUES ('fat substitutes');
INSERT INTO foodforall.ingredient(name) VALUES ('globulin');
INSERT INTO foodforall.ingredient(name) VALUES ('lecithin');
INSERT INTO foodforall.ingredient(name) VALUES ('livetin');
INSERT INTO foodforall.ingredient(name) VALUES ('lysozyme');
INSERT INTO foodforall.ingredient(name) VALUES ('mayonnaise');
INSERT INTO foodforall.ingredient(name) VALUES ('meringue');
INSERT INTO foodforall.ingredient(name) VALUES ('natural flavoring');
INSERT INTO foodforall.ingredient(name) VALUES ('nougat');
INSERT INTO foodforall.ingredient(name) VALUES ('ovalbumin');
INSERT INTO foodforall.ingredient(name) VALUES ('ovoglobulin');
INSERT INTO foodforall.ingredient(name) VALUES ('ovomucin');
INSERT INTO foodforall.ingredient(name) VALUES ('ovomucoid');
INSERT INTO foodforall.ingredient(name) VALUES ('ovotransferrin');
INSERT INTO foodforall.ingredient(name) VALUES ('ovovitelia');
INSERT INTO foodforall.ingredient(name) VALUES ('ovovitellin');
INSERT INTO foodforall.ingredient(name) VALUES ('pasta');
INSERT INTO foodforall.ingredient(name) VALUES ('powdered eggs');
INSERT INTO foodforall.ingredient(name) VALUES ('silici albuminate');
INSERT INTO foodforall.ingredient(name) VALUES ('simplesse');
INSERT INTO foodforall.ingredient(name) VALUES ('surimi');
INSERT INTO foodforall.ingredient(name) VALUES ('trailblazer');
INSERT INTO foodforall.ingredient(name) VALUES ('vitellin');
INSERT INTO foodforall.ingredient(name) VALUES ('yolk');


insert into FoodForAll.AllergyIngredient (ingredientId, allergyId) values (473, 9);
insert into FoodForAll.AllergyIngredient (ingredientId, allergyId) values (474, 9);
insert into FoodForAll.AllergyIngredient (ingredientId, allergyId) values (475, 9);
insert into FoodForAll.AllergyIngredient (ingredientId, allergyId) values (476, 9);
insert into FoodForAll.AllergyIngredient (ingredientId, allergyId) values (477, 9);
insert into FoodForAll.AllergyIngredient (ingredientId, allergyId) values (478, 9);
insert into FoodForAll.AllergyIngredient (ingredientId, allergyId) values (479, 9);
insert into FoodForAll.AllergyIngredient (ingredientId, allergyId) values (480, 9);
insert into FoodForAll.AllergyIngredient (ingredientId, allergyId) values (481, 9);
insert into FoodForAll.AllergyIngredient (ingredientId, allergyId) values (482, 9);
insert into FoodForAll.AllergyIngredient (ingredientId, allergyId) values (483, 9);
insert into FoodForAll.AllergyIngredient (ingredientId, allergyId) values (484, 9);
insert into FoodForAll.AllergyIngredient (ingredientId, allergyId) values (485, 9);
insert into FoodForAll.AllergyIngredient (ingredientId, allergyId) values (486, 9);
insert into FoodForAll.AllergyIngredient (ingredientId, allergyId) values (487, 9);
insert into FoodForAll.AllergyIngredient (ingredientId, allergyId) values (488, 9);
insert into FoodForAll.AllergyIngredient (ingredientId, allergyId) values (489, 9);
insert into FoodForAll.AllergyIngredient (ingredientId, allergyId) values (490, 9);
insert into FoodForAll.AllergyIngredient (ingredientId, allergyId) values (491, 9);
insert into FoodForAll.AllergyIngredient (ingredientId, allergyId) values (492, 9);
insert into FoodForAll.AllergyIngredient (ingredientId, allergyId) values (493, 9);
insert into FoodForAll.AllergyIngredient (ingredientId, allergyId) values (494, 9);
insert into FoodForAll.AllergyIngredient (ingredientId, allergyId) values (495, 9);
insert into FoodForAll.AllergyIngredient (ingredientId, allergyId) values (496, 9);
insert into FoodForAll.AllergyIngredient (ingredientId, allergyId) values (497, 9);
insert into FoodForAll.AllergyIngredient (ingredientId, allergyId) values (498, 9);
insert into FoodForAll.AllergyIngredient (ingredientId, allergyId) values (499, 9);
insert into FoodForAll.AllergyIngredient (ingredientId, allergyId) values (500, 9);
insert into FoodForAll.AllergyIngredient (ingredientId, allergyId) values (501, 9);
insert into FoodForAll.AllergyIngredient (ingredientId, allergyId) values (502, 9);
insert into FoodForAll.AllergyIngredient (ingredientId, allergyId) values (503, 9);

insert into FoodForAll.IntoleranceIngredient (ingredientId, IntoleranceId) values (473, 2);
insert into FoodForAll.IntoleranceIngredient (ingredientId, IntoleranceId) values (474, 2);
insert into FoodForAll.IntoleranceIngredient (ingredientId, IntoleranceId) values (475, 2);
insert into FoodForAll.IntoleranceIngredient (ingredientId, IntoleranceId) values (476, 2);
insert into FoodForAll.IntoleranceIngredient (ingredientId, IntoleranceId) values (477, 2);
insert into FoodForAll.IntoleranceIngredient (ingredientId, IntoleranceId) values (478, 2);
insert into FoodForAll.IntoleranceIngredient (ingredientId, IntoleranceId) values (479, 2);
insert into FoodForAll.IntoleranceIngredient (ingredientId, IntoleranceId) values (480, 2);
insert into FoodForAll.IntoleranceIngredient (ingredientId, IntoleranceId) values (481, 2);
insert into FoodForAll.IntoleranceIngredient (ingredientId, IntoleranceId) values (482, 2);
insert into FoodForAll.IntoleranceIngredient (ingredientId, IntoleranceId) values (483, 2);
insert into FoodForAll.IntoleranceIngredient (ingredientId, IntoleranceId) values (484, 2);
insert into FoodForAll.IntoleranceIngredient (ingredientId, IntoleranceId) values (485, 2);
insert into FoodForAll.IntoleranceIngredient (ingredientId, IntoleranceId) values (486, 2);
insert into FoodForAll.IntoleranceIngredient (ingredientId, IntoleranceId) values (487, 2);
insert into FoodForAll.IntoleranceIngredient (ingredientId, IntoleranceId) values (488, 2);
insert into FoodForAll.IntoleranceIngredient (ingredientId, IntoleranceId) values (489, 2);
insert into FoodForAll.IntoleranceIngredient (ingredientId, IntoleranceId) values (490, 2);
insert into FoodForAll.IntoleranceIngredient (ingredientId, IntoleranceId) values (491, 2);
insert into FoodForAll.IntoleranceIngredient (ingredientId, IntoleranceId) values (492, 2);
insert into FoodForAll.IntoleranceIngredient (ingredientId, IntoleranceId) values (493, 2);
insert into FoodForAll.IntoleranceIngredient (ingredientId, IntoleranceId) values (494, 2);
insert into FoodForAll.IntoleranceIngredient (ingredientId, IntoleranceId) values (495, 2);
insert into FoodForAll.IntoleranceIngredient (ingredientId, IntoleranceId) values (496, 2);
insert into FoodForAll.IntoleranceIngredient (ingredientId, IntoleranceId) values (497, 2);
insert into FoodForAll.IntoleranceIngredient (ingredientId, IntoleranceId) values (498, 2);
insert into FoodForAll.IntoleranceIngredient (ingredientId, IntoleranceId) values (499, 2);
insert into FoodForAll.IntoleranceIngredient (ingredientId, IntoleranceId) values (500, 2);
insert into FoodForAll.IntoleranceIngredient (ingredientId, IntoleranceId) values (501, 2);
insert into FoodForAll.IntoleranceIngredient (ingredientId, IntoleranceId) values (502, 2);
insert into FoodForAll.IntoleranceIngredient (ingredientId, IntoleranceId) values (503, 2);

insert into FoodForAll.foodAversionIngredient (ingredientId, foodAversionId) values (473, 2);
insert into FoodForAll.foodAversionIngredient (ingredientId, foodAversionId) values (474, 2);
insert into FoodForAll.foodAversionIngredient (ingredientId, foodAversionId) values (475, 2);
insert into FoodForAll.foodAversionIngredient (ingredientId, foodAversionId) values (476, 2);
insert into FoodForAll.foodAversionIngredient (ingredientId, foodAversionId) values (477, 2);
insert into FoodForAll.foodAversionIngredient (ingredientId, foodAversionId) values (478, 2);
insert into FoodForAll.foodAversionIngredient (ingredientId, foodAversionId) values (479, 2);
insert into FoodForAll.foodAversionIngredient (ingredientId, foodAversionId) values (480, 2);
insert into FoodForAll.foodAversionIngredient (ingredientId, foodAversionId) values (481, 2);
insert into FoodForAll.foodAversionIngredient (ingredientId, foodAversionId) values (482, 2);
insert into FoodForAll.foodAversionIngredient (ingredientId, foodAversionId) values (483, 2);
insert into FoodForAll.foodAversionIngredient (ingredientId, foodAversionId) values (484, 2);
insert into FoodForAll.foodAversionIngredient (ingredientId, foodAversionId) values (485, 2);
insert into FoodForAll.foodAversionIngredient (ingredientId, foodAversionId) values (486, 2);
insert into FoodForAll.foodAversionIngredient (ingredientId, foodAversionId) values (487, 2);
insert into FoodForAll.foodAversionIngredient (ingredientId, foodAversionId) values (488, 2);
insert into FoodForAll.foodAversionIngredient (ingredientId, foodAversionId) values (489, 2);
insert into FoodForAll.foodAversionIngredient (ingredientId, foodAversionId) values (490, 2);
insert into FoodForAll.foodAversionIngredient (ingredientId, foodAversionId) values (491, 2);
insert into FoodForAll.foodAversionIngredient (ingredientId, foodAversionId) values (492, 2);
insert into FoodForAll.foodAversionIngredient (ingredientId, foodAversionId) values (493, 2);
insert into FoodForAll.foodAversionIngredient (ingredientId, foodAversionId) values (494, 2);
insert into FoodForAll.foodAversionIngredient (ingredientId, foodAversionId) values (495, 2);
insert into FoodForAll.foodAversionIngredient (ingredientId, foodAversionId) values (496, 2);
insert into FoodForAll.foodAversionIngredient (ingredientId, foodAversionId) values (497, 2);
insert into FoodForAll.foodAversionIngredient (ingredientId, foodAversionId) values (498, 2);
insert into FoodForAll.foodAversionIngredient (ingredientId, foodAversionId) values (499, 2);
insert into FoodForAll.foodAversionIngredient (ingredientId, foodAversionId) values (500, 2);
insert into FoodForAll.foodAversionIngredient (ingredientId, foodAversionId) values (501, 2);
insert into FoodForAll.foodAversionIngredient (ingredientId, foodAversionId) values (502, 2);
insert into FoodForAll.foodAversionIngredient (ingredientId, foodAversionId) values (503, 2);

-- 504-616 Corn intolerances
INSERT INTO foodforall.ingredient(name) VALUES ('cornstarch');
INSERT INTO foodforall.ingredient(name) VALUES ('acids');
INSERT INTO foodforall.ingredient(name) VALUES ('baby food');
INSERT INTO foodforall.ingredient(name) VALUES ('bacon');
INSERT INTO foodforall.ingredient(name) VALUES ('baking powder');
INSERT INTO foodforall.ingredient(name) VALUES ('beer');
INSERT INTO foodforall.ingredient(name) VALUES ('berrie');
INSERT INTO foodforall.ingredient(name) VALUES ('bologna');
INSERT INTO foodforall.ingredient(name) VALUES ('brandy');
INSERT INTO foodforall.ingredient(name) VALUES ('bread');
INSERT INTO foodforall.ingredient(name) VALUES ('cake');
INSERT INTO foodforall.ingredient(name) VALUES ('candy');
INSERT INTO foodforall.ingredient(name) VALUES ('canned');
INSERT INTO foodforall.ingredient(name) VALUES ('caramel color');
INSERT INTO foodforall.ingredient(name) VALUES ('catsup');
INSERT INTO foodforall.ingredient(name) VALUES ('cereal');
INSERT INTO foodforall.ingredient(name) VALUES ('cheese spread');
INSERT INTO foodforall.ingredient(name) VALUES ('chewing gum');
INSERT INTO foodforall.ingredient(name) VALUES ('chili sauce');
INSERT INTO foodforall.ingredient(name) VALUES ('chocolate');
INSERT INTO foodforall.ingredient(name) VALUES ('citric acid');
INSERT INTO foodforall.ingredient(name) VALUES ('coating');
INSERT INTO foodforall.ingredient(name) VALUES ('coffee');
INSERT INTO foodforall.ingredient(name) VALUES ('condensed milk');
INSERT INTO foodforall.ingredient(name) VALUES ('confectionery');
INSERT INTO foodforall.ingredient(name) VALUES ('cookie');
INSERT INTO foodforall.ingredient(name) VALUES ('cooking oil');
INSERT INTO foodforall.ingredient(name) VALUES ('cordial');
INSERT INTO foodforall.ingredient(name) VALUES ('corn oil');
INSERT INTO foodforall.ingredient(name) VALUES ('corn syrup');
INSERT INTO foodforall.ingredient(name) VALUES ('cracker');
INSERT INTO foodforall.ingredient(name) VALUES ('cream');
INSERT INTO foodforall.ingredient(name) VALUES ('dehydrated');
INSERT INTO foodforall.ingredient(name) VALUES ('dextrose');
INSERT INTO foodforall.ingredient(name) VALUES ('dietetic preparation');
INSERT INTO foodforall.ingredient(name) VALUES ('doughnut');
INSERT INTO foodforall.ingredient(name) VALUES ('dried egg');
INSERT INTO foodforall.ingredient(name) VALUES ('dry soup');
INSERT INTO foodforall.ingredient(name) VALUES ('extract');
INSERT INTO foodforall.ingredient(name) VALUES ('flavor');
INSERT INTO foodforall.ingredient(name) VALUES ('flour');
INSERT INTO foodforall.ingredient(name) VALUES ('food coloring');
INSERT INTO foodforall.ingredient(name) VALUES ('frosting');
INSERT INTO foodforall.ingredient(name) VALUES ('frozen');
INSERT INTO foodforall.ingredient(name) VALUES ('frozen egg');
INSERT INTO foodforall.ingredient(name) VALUES ('fruit');
INSERT INTO foodforall.ingredient(name) VALUES ('fruit butter');
INSERT INTO foodforall.ingredient(name) VALUES ('fruit drink');
INSERT INTO foodforall.ingredient(name) VALUES ('fruit juice');
INSERT INTO foodforall.ingredient(name) VALUES ('fruit juices');
INSERT INTO foodforall.ingredient(name) VALUES ('gelatin');
INSERT INTO foodforall.ingredient(name) VALUES ('gravy');
INSERT INTO foodforall.ingredient(name) VALUES ('ground');
INSERT INTO foodforall.ingredient(name) VALUES ('gum');
INSERT INTO foodforall.ingredient(name) VALUES ('gum confection');
INSERT INTO foodforall.ingredient(name) VALUES ('ham');
INSERT INTO foodforall.ingredient(name) VALUES ('high fructose corn syrup');
INSERT INTO foodforall.ingredient(name) VALUES ('hot dog');
INSERT INTO foodforall.ingredient(name) VALUES ('ice cream');
INSERT INTO foodforall.ingredient(name) VALUES ('icing');
INSERT INTO foodforall.ingredient(name) VALUES ('instant breakfast');
INSERT INTO foodforall.ingredient(name) VALUES ('instant tea');
INSERT INTO foodforall.ingredient(name) VALUES ('invalid');
INSERT INTO foodforall.ingredient(name) VALUES ('jams');
INSERT INTO foodforall.ingredient(name) VALUES ('jelly');
INSERT INTO foodforall.ingredient(name) VALUES ('juice');
INSERT INTO foodforall.ingredient(name) VALUES ('ketchup');
INSERT INTO foodforall.ingredient(name) VALUES ('lactic acid');
INSERT INTO foodforall.ingredient(name) VALUES ('licorice');
INSERT INTO foodforall.ingredient(name) VALUES ('liquer');
INSERT INTO foodforall.ingredient(name) VALUES ('low-calorie sweetener');
INSERT INTO foodforall.ingredient(name) VALUES ('malted products');
INSERT INTO foodforall.ingredient(name) VALUES ('maltodextrin');
INSERT INTO foodforall.ingredient(name) VALUES ('margarine');
INSERT INTO foodforall.ingredient(name) VALUES ('marmalades');
INSERT INTO foodforall.ingredient(name) VALUES ('marshmallow');
INSERT INTO foodforall.ingredient(name) VALUES ('mayonnaise');
INSERT INTO foodforall.ingredient(name) VALUES ('mincemeat');
INSERT INTO foodforall.ingredient(name) VALUES ('mustard');
INSERT INTO foodforall.ingredient(name) VALUES ('non-stick spray');
INSERT INTO foodforall.ingredient(name) VALUES ('nougat');
INSERT INTO foodforall.ingredient(name) VALUES ('peanut butter');
INSERT INTO foodforall.ingredient(name) VALUES ('pectin');
INSERT INTO foodforall.ingredient(name) VALUES ('pickle');
INSERT INTO foodforall.ingredient(name) VALUES ('pie');
INSERT INTO foodforall.ingredient(name) VALUES ('pie filling');
INSERT INTO foodforall.ingredient(name) VALUES ('potato chip');
INSERT INTO foodforall.ingredient(name) VALUES ('powdered sugar');
INSERT INTO foodforall.ingredient(name) VALUES ('precooked frozen meals');
INSERT INTO foodforall.ingredient(name) VALUES ('preserve');
INSERT INTO foodforall.ingredient(name) VALUES ('pudding');
INSERT INTO foodforall.ingredient(name) VALUES ('rice');
INSERT INTO foodforall.ingredient(name) VALUES ('roll');
INSERT INTO foodforall.ingredient(name) VALUES ('salad dressing');
INSERT INTO foodforall.ingredient(name) VALUES ('sauces');
INSERT INTO foodforall.ingredient(name) VALUES ('sausage');
INSERT INTO foodforall.ingredient(name) VALUES ('seasoning');
INSERT INTO foodforall.ingredient(name) VALUES ('sherbet');
INSERT INTO foodforall.ingredient(name) VALUES ('shortening');
INSERT INTO foodforall.ingredient(name) VALUES ('soft drink');
INSERT INTO foodforall.ingredient(name) VALUES ('sorbitol');
INSERT INTO foodforall.ingredient(name) VALUES ('soup');
INSERT INTO foodforall.ingredient(name) VALUES ('spices ');
INSERT INTO foodforall.ingredient(name) VALUES ('syrup');
INSERT INTO foodforall.ingredient(name) VALUES ('tomato sauce');
INSERT INTO foodforall.ingredient(name) VALUES ('vegetable');
INSERT INTO foodforall.ingredient(name) VALUES ('vinegar');
INSERT INTO foodforall.ingredient(name) VALUES ('vitamin');
INSERT INTO foodforall.ingredient(name) VALUES ('waffle');
INSERT INTO foodforall.ingredient(name) VALUES ('water ice');
INSERT INTO foodforall.ingredient(name) VALUES ('wine');
INSERT INTO foodforall.ingredient(name) VALUES ('xanthan gum');
INSERT INTO foodforall.ingredient(name) VALUES ('yeast');

insert into FoodForAll.IntoleranceIngredient (ingredientId, IntoleranceId) values (504, 5);
insert into FoodForAll.IntoleranceIngredient (ingredientId, IntoleranceId) values (505, 5);
insert into FoodForAll.IntoleranceIngredient (ingredientId, IntoleranceId) values (506, 5);
insert into FoodForAll.IntoleranceIngredient (ingredientId, IntoleranceId) values (507, 5);
insert into FoodForAll.IntoleranceIngredient (ingredientId, IntoleranceId) values (508, 5);
insert into FoodForAll.IntoleranceIngredient (ingredientId, IntoleranceId) values (509, 5);
insert into FoodForAll.IntoleranceIngredient (ingredientId, IntoleranceId) values (510, 5);
insert into FoodForAll.IntoleranceIngredient (ingredientId, IntoleranceId) values (511, 5);
insert into FoodForAll.IntoleranceIngredient (ingredientId, IntoleranceId) values (512, 5);
insert into FoodForAll.IntoleranceIngredient (ingredientId, IntoleranceId) values (513, 5);
insert into FoodForAll.IntoleranceIngredient (ingredientId, IntoleranceId) values (514, 5);
insert into FoodForAll.IntoleranceIngredient (ingredientId, IntoleranceId) values (515, 5);
insert into FoodForAll.IntoleranceIngredient (ingredientId, IntoleranceId) values (516, 5);
insert into FoodForAll.IntoleranceIngredient (ingredientId, IntoleranceId) values (517, 5);
insert into FoodForAll.IntoleranceIngredient (ingredientId, IntoleranceId) values (518, 5);
insert into FoodForAll.IntoleranceIngredient (ingredientId, IntoleranceId) values (519, 5);
insert into FoodForAll.IntoleranceIngredient (ingredientId, IntoleranceId) values (520, 5);
insert into FoodForAll.IntoleranceIngredient (ingredientId, IntoleranceId) values (521, 5);
insert into FoodForAll.IntoleranceIngredient (ingredientId, IntoleranceId) values (522, 5);
insert into FoodForAll.IntoleranceIngredient (ingredientId, IntoleranceId) values (523, 5);
insert into FoodForAll.IntoleranceIngredient (ingredientId, IntoleranceId) values (524, 5);
insert into FoodForAll.IntoleranceIngredient (ingredientId, IntoleranceId) values (525, 5);
insert into FoodForAll.IntoleranceIngredient (ingredientId, IntoleranceId) values (526, 5);
insert into FoodForAll.IntoleranceIngredient (ingredientId, IntoleranceId) values (527, 5);
insert into FoodForAll.IntoleranceIngredient (ingredientId, IntoleranceId) values (528, 5);
insert into FoodForAll.IntoleranceIngredient (ingredientId, IntoleranceId) values (529, 5);
insert into FoodForAll.IntoleranceIngredient (ingredientId, IntoleranceId) values (530, 5);
insert into FoodForAll.IntoleranceIngredient (ingredientId, IntoleranceId) values (531, 5);
insert into FoodForAll.IntoleranceIngredient (ingredientId, IntoleranceId) values (532, 5);
insert into FoodForAll.IntoleranceIngredient (ingredientId, IntoleranceId) values (533, 5);
insert into FoodForAll.IntoleranceIngredient (ingredientId, IntoleranceId) values (534, 5);
insert into FoodForAll.IntoleranceIngredient (ingredientId, IntoleranceId) values (535, 5);
insert into FoodForAll.IntoleranceIngredient (ingredientId, IntoleranceId) values (536, 5);
insert into FoodForAll.IntoleranceIngredient (ingredientId, IntoleranceId) values (537, 5);
insert into FoodForAll.IntoleranceIngredient (ingredientId, IntoleranceId) values (538, 5);
insert into FoodForAll.IntoleranceIngredient (ingredientId, IntoleranceId) values (539, 5);
insert into FoodForAll.IntoleranceIngredient (ingredientId, IntoleranceId) values (540, 5);
insert into FoodForAll.IntoleranceIngredient (ingredientId, IntoleranceId) values (541, 5);
insert into FoodForAll.IntoleranceIngredient (ingredientId, IntoleranceId) values (542, 5);
insert into FoodForAll.IntoleranceIngredient (ingredientId, IntoleranceId) values (543, 5);
insert into FoodForAll.IntoleranceIngredient (ingredientId, IntoleranceId) values (544, 5);
insert into FoodForAll.IntoleranceIngredient (ingredientId, IntoleranceId) values (545, 5);
insert into FoodForAll.IntoleranceIngredient (ingredientId, IntoleranceId) values (546, 5);
insert into FoodForAll.IntoleranceIngredient (ingredientId, IntoleranceId) values (547, 5);
insert into FoodForAll.IntoleranceIngredient (ingredientId, IntoleranceId) values (548, 5);
insert into FoodForAll.IntoleranceIngredient (ingredientId, IntoleranceId) values (549, 5);
insert into FoodForAll.IntoleranceIngredient (ingredientId, IntoleranceId) values (550, 5);
insert into FoodForAll.IntoleranceIngredient (ingredientId, IntoleranceId) values (551, 5);
insert into FoodForAll.IntoleranceIngredient (ingredientId, IntoleranceId) values (552, 5);
insert into FoodForAll.IntoleranceIngredient (ingredientId, IntoleranceId) values (553, 5);
insert into FoodForAll.IntoleranceIngredient (ingredientId, IntoleranceId) values (554, 5);
insert into FoodForAll.IntoleranceIngredient (ingredientId, IntoleranceId) values (555, 5);
insert into FoodForAll.IntoleranceIngredient (ingredientId, IntoleranceId) values (556, 5);
insert into FoodForAll.IntoleranceIngredient (ingredientId, IntoleranceId) values (557, 5);
insert into FoodForAll.IntoleranceIngredient (ingredientId, IntoleranceId) values (558, 5);
insert into FoodForAll.IntoleranceIngredient (ingredientId, IntoleranceId) values (559, 5);
insert into FoodForAll.IntoleranceIngredient (ingredientId, IntoleranceId) values (560, 5);
insert into FoodForAll.IntoleranceIngredient (ingredientId, IntoleranceId) values (561, 5);
insert into FoodForAll.IntoleranceIngredient (ingredientId, IntoleranceId) values (562, 5);
insert into FoodForAll.IntoleranceIngredient (ingredientId, IntoleranceId) values (563, 5);
insert into FoodForAll.IntoleranceIngredient (ingredientId, IntoleranceId) values (564, 5);
insert into FoodForAll.IntoleranceIngredient (ingredientId, IntoleranceId) values (565, 5);
insert into FoodForAll.IntoleranceIngredient (ingredientId, IntoleranceId) values (566, 5);
insert into FoodForAll.IntoleranceIngredient (ingredientId, IntoleranceId) values (567, 5);
insert into FoodForAll.IntoleranceIngredient (ingredientId, IntoleranceId) values (568, 5);
insert into FoodForAll.IntoleranceIngredient (ingredientId, IntoleranceId) values (569, 5);
insert into FoodForAll.IntoleranceIngredient (ingredientId, IntoleranceId) values (570, 5);
insert into FoodForAll.IntoleranceIngredient (ingredientId, IntoleranceId) values (571, 5);
insert into FoodForAll.IntoleranceIngredient (ingredientId, IntoleranceId) values (572, 5);
insert into FoodForAll.IntoleranceIngredient (ingredientId, IntoleranceId) values (573, 5);
insert into FoodForAll.IntoleranceIngredient (ingredientId, IntoleranceId) values (574, 5);
insert into FoodForAll.IntoleranceIngredient (ingredientId, IntoleranceId) values (575, 5);
insert into FoodForAll.IntoleranceIngredient (ingredientId, IntoleranceId) values (576, 5);
insert into FoodForAll.IntoleranceIngredient (ingredientId, IntoleranceId) values (577, 5);
insert into FoodForAll.IntoleranceIngredient (ingredientId, IntoleranceId) values (578, 5);
insert into FoodForAll.IntoleranceIngredient (ingredientId, IntoleranceId) values (579, 5);
insert into FoodForAll.IntoleranceIngredient (ingredientId, IntoleranceId) values (580, 5);
insert into FoodForAll.IntoleranceIngredient (ingredientId, IntoleranceId) values (581, 5);
insert into FoodForAll.IntoleranceIngredient (ingredientId, IntoleranceId) values (582, 5);
insert into FoodForAll.IntoleranceIngredient (ingredientId, IntoleranceId) values (583, 5);
insert into FoodForAll.IntoleranceIngredient (ingredientId, IntoleranceId) values (584, 5);
insert into FoodForAll.IntoleranceIngredient (ingredientId, IntoleranceId) values (585, 5);
insert into FoodForAll.IntoleranceIngredient (ingredientId, IntoleranceId) values (586, 5);
insert into FoodForAll.IntoleranceIngredient (ingredientId, IntoleranceId) values (587, 5);
insert into FoodForAll.IntoleranceIngredient (ingredientId, IntoleranceId) values (588, 5);
insert into FoodForAll.IntoleranceIngredient (ingredientId, IntoleranceId) values (589, 5);
insert into FoodForAll.IntoleranceIngredient (ingredientId, IntoleranceId) values (590, 5);
insert into FoodForAll.IntoleranceIngredient (ingredientId, IntoleranceId) values (591, 5);
insert into FoodForAll.IntoleranceIngredient (ingredientId, IntoleranceId) values (592, 5);
insert into FoodForAll.IntoleranceIngredient (ingredientId, IntoleranceId) values (593, 5);
insert into FoodForAll.IntoleranceIngredient (ingredientId, IntoleranceId) values (594, 5);
insert into FoodForAll.IntoleranceIngredient (ingredientId, IntoleranceId) values (595, 5);
insert into FoodForAll.IntoleranceIngredient (ingredientId, IntoleranceId) values (596, 5);
insert into FoodForAll.IntoleranceIngredient (ingredientId, IntoleranceId) values (597, 5);
insert into FoodForAll.IntoleranceIngredient (ingredientId, IntoleranceId) values (598, 5);
insert into FoodForAll.IntoleranceIngredient (ingredientId, IntoleranceId) values (599, 5);
insert into FoodForAll.IntoleranceIngredient (ingredientId, IntoleranceId) values (600, 5);
insert into FoodForAll.IntoleranceIngredient (ingredientId, IntoleranceId) values (601, 5);
insert into FoodForAll.IntoleranceIngredient (ingredientId, IntoleranceId) values (602, 5);
insert into FoodForAll.IntoleranceIngredient (ingredientId, IntoleranceId) values (603, 5);
insert into FoodForAll.IntoleranceIngredient (ingredientId, IntoleranceId) values (604, 5);
insert into FoodForAll.IntoleranceIngredient (ingredientId, IntoleranceId) values (605, 5);
insert into FoodForAll.IntoleranceIngredient (ingredientId, IntoleranceId) values (606, 5);
insert into FoodForAll.IntoleranceIngredient (ingredientId, IntoleranceId) values (607, 5);
insert into FoodForAll.IntoleranceIngredient (ingredientId, IntoleranceId) values (608, 5);
insert into FoodForAll.IntoleranceIngredient (ingredientId, IntoleranceId) values (609, 5);
insert into FoodForAll.IntoleranceIngredient (ingredientId, IntoleranceId) values (610, 5);
insert into FoodForAll.IntoleranceIngredient (ingredientId, IntoleranceId) values (611, 5);
insert into FoodForAll.IntoleranceIngredient (ingredientId, IntoleranceId) values (612, 5);
insert into FoodForAll.IntoleranceIngredient (ingredientId, IntoleranceId) values (613, 5);
insert into FoodForAll.IntoleranceIngredient (ingredientId, IntoleranceId) values (614, 5);
insert into FoodForAll.IntoleranceIngredient (ingredientId, IntoleranceId) values (615, 5);
insert into FoodForAll.IntoleranceIngredient (ingredientId, IntoleranceId) values (616, 5);